"Horizon","Trading_Days","Asset","Cum_Return","Ann_Return","Ann_Vol","Sharpe_Ratio","Sortino_Ratio","Max_Drawdown","Win_Rate","Profit_Factor","Beta_vs_VTI","Alpha_vs_VTI","Corr_vs_VTI","Corr_vs_QQQ"
"12 Months",252,"Broad (symbols_broad.txt)","+171.51%","+171.51%","23.40%","4.39","8.14","6.87%","60.32%","2.03","0.93","+157.53%","0.53","0.60"
"12 Months",252,"All2 (symbols_all2.txt)","+159.24%","+159.24%","20.98%","4.65","8.83","6.88%","62.70%","2.18","0.79","+146.82%","0.50","0.53"
"12 Months",252,"VTI (Total US Market)","+14.70%","+14.70%","13.23%","1.10","1.61","9.20%","53.17%","1.20","1.00","+0.00%","1.00","0.92"
"12 Months",252,"QQQ (Nasdaq 100)","+23.82%","+23.82%","19.90%","1.17","1.73","12.19%","54.37%","1.21","1.38","+0.00%","0.92","1.00"
"24 Months",504,"Broad (symbols_broad.txt)","+450.56%","+134.64%","24.77%","3.57","6.30","14.08%","58.33%","1.81","0.74","+122.41%","0.49","0.54"
"24 Months",504,"All2 (symbols_all2.txt)","+428.74%","+129.94%","24.11%","3.58","6.23","16.61%","62.50%","1.87","0.77","+117.36%","0.53","0.55"
"24 Months",504,"VTI (Total US Market)","+32.66%","+15.18%","16.58%","0.93","1.39","19.59%","53.98%","1.20","1.00","+0.00%","1.00","0.94"
"24 Months",504,"QQQ (Nasdaq 100)","+52.03%","+23.30%","21.68%","1.07","1.60","22.88%","56.15%","1.22","1.23","+0.00%","0.94","1.00"
"60 Months",1259,"Broad (symbols_broad.txt)","+3614.28%","+106.17%","22.47%","3.34","5.71","14.08%","58.15%","1.74","0.79","+97.00%","0.62","0.63"
"60 Months",1259,"All2 (symbols_all2.txt)","+3032.81%","+99.26%","21.27%","3.35","5.72","16.61%","60.37%","1.77","0.71","+90.60%","0.59","0.58"
"60 Months",1259,"VTI (Total US Market)","+65.08%","+10.55%","17.55%","0.66","0.95","26.20%","53.23%","1.12","1.00","+0.00%","1.00","0.95"
"60 Months",1259,"QQQ (Nasdaq 100)","+99.67%","+14.84%","22.98%","0.72","1.04","35.62%","54.25%","1.13","1.24","+0.00%","0.95","1.00"
