"Universe","Horizon","Bars","Mode","Cum_Return","Ann_Return","Volatility","Sharpe_Ratio","Sortino_Ratio","Max_Drawdown","Win_Rate","Profit_Factor","SPY_Return","SPY_Sharpe","QQQ_Return","QQQ_Sharpe"
"Focus (symbols.txt)","2 Months",42,"BASELINE","+1.31%","+8.10%","8.77%","0.93","1.48","3.03%","45.24%","1.16","+3.03%","1.74","+7.96%","2.84"
"Focus (symbols.txt)","2 Months",42,"ENHANCED","+24.58%","+273.79%","21.49%","6.26","12.27","3.99%","64.29%","2.66","+3.03%","1.74","+7.96%","2.84"
"Broad (symbols_broad.txt)","2 Months",42,"BASELINE","+0.63%","+3.85%","2.77%","1.37","1.99","1.09%","52.38%","1.26","+3.03%","1.74","+7.96%","2.84"
"Broad (symbols_broad.txt)","2 Months",42,"ENHANCED","+17.99%","+169.88%","19.07%","5.31","8.95","3.22%","64.29%","2.19","+3.03%","1.74","+7.96%","2.84"
"300+ (symbols_300.txt)","2 Months",42,"BASELINE","-0.23%","-1.34%","1.69%","-0.79","-1.04","0.81%","47.62%","0.87","+3.03%","1.74","+7.96%","2.84"
"300+ (symbols_300.txt)","2 Months",42,"ENHANCED","+5.94%","+41.34%","18.60%","1.95","2.90","7.85%","54.76%","1.34","+3.03%","1.74","+7.96%","2.84"
"All (symbols_all.txt)","2 Months",42,"BASELINE","-0.16%","-0.94%","1.71%","-0.54","-0.72","0.77%","50.00%","0.91","+3.03%","1.74","+7.96%","2.84"
"All (symbols_all.txt)","2 Months",42,"ENHANCED","+4.82%","+32.63%","16.83%","1.76","2.75","3.87%","52.38%","1.33","+3.03%","1.74","+7.96%","2.84"
"All2 (symbols_all2.txt)","2 Months",42,"BASELINE","-0.16%","-0.94%","1.71%","-0.54","-0.72","0.77%","50.00%","0.91","+3.03%","1.74","+7.96%","2.84"
"All2 (symbols_all2.txt)","2 Months",42,"ENHANCED","+4.82%","+32.63%","16.83%","1.76","2.75","3.87%","52.38%","1.33","+3.03%","1.74","+7.96%","2.84"
"Focus (symbols.txt)","12 Months",252,"BASELINE","+27.62%","+27.62%","13.95%","1.82","2.75","6.38%","57.54%","1.35","+15.47%","1.17","+23.82%","1.17"
"Focus (symbols.txt)","12 Months",252,"ENHANCED","+119.46%","+119.46%","26.34%","3.12","5.17","10.68%","57.14%","1.67","+15.47%","1.17","+23.82%","1.17"
"Broad (symbols_broad.txt)","12 Months",252,"BASELINE","+5.01%","+5.01%","6.22%","0.82","1.15","4.24%","54.37%","1.14","+15.47%","1.17","+23.82%","1.17"
"Broad (symbols_broad.txt)","12 Months",252,"ENHANCED","+171.51%","+171.51%","23.40%","4.39","8.14","6.87%","60.32%","2.03","+15.47%","1.17","+23.82%","1.17"
"300+ (symbols_300.txt)","12 Months",252,"BASELINE","+4.07%","+4.07%","4.44%","0.92","1.36","2.62%","52.78%","1.17","+15.47%","1.17","+23.82%","1.17"
"300+ (symbols_300.txt)","12 Months",252,"ENHANCED","+142.92%","+142.92%","21.33%","4.27","7.53","7.85%","59.92%","1.97","+15.47%","1.17","+23.82%","1.17"
"All (symbols_all.txt)","12 Months",252,"BASELINE","+3.64%","+3.64%","4.29%","0.85","1.25","2.54%","53.57%","1.15","+15.47%","1.17","+23.82%","1.17"
"All (symbols_all.txt)","12 Months",252,"ENHANCED","+159.24%","+159.24%","20.98%","4.65","8.83","6.88%","62.70%","2.18","+15.47%","1.17","+23.82%","1.17"
"All2 (symbols_all2.txt)","12 Months",252,"BASELINE","+3.64%","+3.64%","4.29%","0.85","1.25","2.54%","53.57%","1.15","+15.47%","1.17","+23.82%","1.17"
"All2 (symbols_all2.txt)","12 Months",252,"ENHANCED","+159.24%","+159.24%","20.98%","4.65","8.83","6.88%","62.70%","2.18","+15.47%","1.17","+23.82%","1.17"
"Focus (symbols.txt)","24 Months",504,"BASELINE","+28.89%","+13.53%","10.92%","1.22","1.81","10.40%","56.35%","1.24","+33.77%","0.96","+52.03%","1.07"
"Focus (symbols.txt)","24 Months",504,"ENHANCED","+219.28%","+78.68%","25.58%","2.40","3.80","22.43%","58.65%","1.51","+33.77%","0.96","+52.03%","1.07"
"Broad (symbols_broad.txt)","24 Months",504,"BASELINE","+5.88%","+2.90%","5.32%","0.56","0.79","5.51%","53.57%","1.10","+33.77%","0.96","+52.03%","1.07"
"Broad (symbols_broad.txt)","24 Months",504,"ENHANCED","+450.56%","+134.64%","24.77%","3.57","6.30","14.08%","58.33%","1.81","+33.77%","0.96","+52.03%","1.07"
"300+ (symbols_300.txt)","24 Months",504,"BASELINE","+4.81%","+2.37%","3.90%","0.62","0.89","3.57%","52.98%","1.11","+33.77%","0.96","+52.03%","1.07"
"300+ (symbols_300.txt)","24 Months",504,"ENHANCED","+377.04%","+118.41%","22.16%","3.64","6.10","16.54%","60.71%","1.82","+33.77%","0.96","+52.03%","1.07"
"All (symbols_all.txt)","24 Months",504,"BASELINE","+3.90%","+1.93%","3.79%","0.52","0.75","3.56%","52.98%","1.09","+33.77%","0.96","+52.03%","1.07"
"All (symbols_all.txt)","24 Months",504,"ENHANCED","+428.74%","+129.94%","24.11%","3.58","6.23","16.61%","62.50%","1.87","+33.77%","0.96","+52.03%","1.07"
"All2 (symbols_all2.txt)","24 Months",504,"BASELINE","+3.90%","+1.93%","3.79%","0.52","0.75","3.56%","52.98%","1.09","+33.77%","0.96","+52.03%","1.07"
"All2 (symbols_all2.txt)","24 Months",504,"ENHANCED","+428.74%","+129.94%","24.11%","3.58","6.23","16.61%","62.50%","1.87","+33.77%","0.96","+52.03%","1.07"
"Focus (symbols.txt)","60 Months",1259,"BASELINE","+39.55%","+6.90%","9.53%","0.75","1.08","14.93%","54.57%","1.14","+74.53%","0.73","+99.67%","0.72"
"Focus (symbols.txt)","60 Months",1259,"ENHANCED","+485.34%","+42.43%","26.20%","1.48","2.23","40.39%","55.01%","1.28","+74.53%","0.73","+99.67%","0.72"
"Broad (symbols_broad.txt)","60 Months",1259,"BASELINE","+8.95%","+1.73%","4.69%","0.39","0.55","6.09%","52.42%","1.07","+74.53%","0.73","+99.67%","0.72"
"Broad (symbols_broad.txt)","60 Months",1259,"ENHANCED","+3614.28%","+106.17%","22.47%","3.34","5.71","14.08%","58.15%","1.74","+74.53%","0.73","+99.67%","0.72"
"300+ (symbols_300.txt)","60 Months",1260,"BASELINE","+1.88%","+0.37%","3.65%","0.12","0.17","8.88%","53.17%","1.02","+76.23%","0.74","+101.54%","0.72"
"300+ (symbols_300.txt)","60 Months",1260,"ENHANCED","+2691.11%","+94.61%","20.67%","3.33","5.59","16.54%","59.29%","1.73","+76.23%","0.74","+101.54%","0.72"
"All (symbols_all.txt)","60 Months",1260,"BASELINE","+1.79%","+0.36%","3.50%","0.12","0.16","7.82%","51.98%","1.02","+76.23%","0.74","+101.54%","0.72"
"All (symbols_all.txt)","60 Months",1260,"ENHANCED","+3062.07%","+99.52%","21.26%","3.36","5.73","16.61%","60.40%","1.77","+76.23%","0.74","+101.54%","0.72"
"All2 (symbols_all2.txt)","60 Months",1260,"BASELINE","+1.79%","+0.36%","3.50%","0.12","0.16","7.82%","51.98%","1.02","+76.23%","0.74","+101.54%","0.72"
"All2 (symbols_all2.txt)","60 Months",1260,"ENHANCED","+3062.07%","+99.52%","21.26%","3.36","5.73","16.61%","60.40%","1.77","+76.23%","0.74","+101.54%","0.72"
"Focus (symbols.txt)","Jun-Sep 2026",84,"BASELINE","+1.78%","+5.44%","13.65%","0.46","0.68","6.38%","48.81%","1.08","+1.02%","0.30","-0.05%","0.11"
"Focus (symbols.txt)","Jun-Sep 2026",84,"ENHANCED","+23.94%","+90.39%","26.00%","2.61","4.23","10.68%","55.95%","1.50","+1.02%","0.30","-0.05%","0.11"
"Broad (symbols_broad.txt)","Jun-Sep 2026",84,"BASELINE","-0.55%","-1.63%","6.38%","-0.23","-0.32","4.24%","51.19%","0.96","+1.02%","0.30","-0.05%","0.11"
"Broad (symbols_broad.txt)","Jun-Sep 2026",84,"ENHANCED","+29.60%","+117.68%","22.69%","3.55","6.10","5.88%","58.33%","1.71","+1.02%","0.30","-0.05%","0.11"
"300+ (symbols_300.txt)","Jun-Sep 2026",84,"BASELINE","-0.73%","-2.18%","4.12%","-0.52","-0.72","2.62%","48.81%","0.91","+1.02%","0.30","-0.05%","0.11"
"300+ (symbols_300.txt)","Jun-Sep 2026",84,"ENHANCED","+18.62%","+66.90%","19.38%","2.74","4.35","7.85%","57.14%","1.51","+1.02%","0.30","-0.05%","0.11"
"All (symbols_all.txt)","Jun-Sep 2026",84,"BASELINE","-0.77%","-2.28%","4.07%","-0.55","-0.76","2.54%","50.00%","0.91","+1.02%","0.30","-0.05%","0.11"
"All (symbols_all.txt)","Jun-Sep 2026",84,"ENHANCED","+16.57%","+58.39%","18.22%","2.62","4.38","3.87%","54.76%","1.51","+1.02%","0.30","-0.05%","0.11"
"All2 (symbols_all2.txt)","Jun-Sep 2026",84,"BASELINE","-0.77%","-2.28%","4.07%","-0.55","-0.76","2.54%","50.00%","0.91","+1.02%","0.30","-0.05%","0.11"
"All2 (symbols_all2.txt)","Jun-Sep 2026",84,"ENHANCED","+16.57%","+58.39%","18.22%","2.62","4.38","3.87%","54.76%","1.51","+1.02%","0.30","-0.05%","0.11"
