"Configuration","Max_Positions","Sector_Cap","Sizing_Mode","Terminal_Wealth","Cum_Return","Ann_Return","Sharpe_Ratio","Sortino_Ratio","Max_Drawdown","Win_Rate","Profit_Factor","Wealth_Num","Sharpe_Num","Max_DD_Num"
"MAX_POS=2, CAP=2 (Vince)",2,2,"vince","$404840.27","+3948.40%","+17.34%","1.12","1.69","22.11%","53.48%","1.23",404840.270161756,1.11558667590153,22.113516201132
"MAX_POS=2, CAP=2 (Equal)",2,2,"equal","$414129.94","+4041.30%","+17.46%","1.13","1.71","22.75%","53.51%","1.23",414129.944487954,1.13109980383632,22.7484310198816
"MAX_POS=3, CAP=2 (Vince)",3,2,"vince","$628361.75","+6183.62%","+19.59%","1.25","1.88","30.10%","54.15%","1.25",628361.750529882,1.24529666313199,30.0983944529437
"MAX_POS=3, CAP=2 (Equal)",3,2,"equal","$640002.91","+6300.03%","+19.69%","1.26","1.90","27.48%","54.18%","1.26",640002.909900739,1.25865717776927,27.4775863120009
"MAX_POS=3, CAP=3 (Vince)",3,3,"vince","$628361.75","+6183.62%","+19.59%","1.25","1.88","30.10%","54.15%","1.25",628361.750529882,1.24529666313199,30.0983944529437
"MAX_POS=3, CAP=3 (Equal)",3,3,"equal","$640002.91","+6300.03%","+19.69%","1.26","1.90","27.48%","54.18%","1.26",640002.909900739,1.25865717776927,27.4775863120009
"MAX_POS=4, CAP=2 (Vince)",4,2,"vince","$819782.23","+8097.82%","+20.97%","1.29","1.95","29.63%","54.74%","1.26",819782.228467015,1.28835428182418,29.6336792245437
"MAX_POS=4, CAP=2 (Equal)",4,2,"equal","$827417.96","+8174.18%","+21.02%","1.30","1.96","29.01%","54.75%","1.27",827417.958575111,1.29993798789154,29.0118895015006
"MAX_POS=4, CAP=3 (Vince)",4,3,"vince","$819782.23","+8097.82%","+20.97%","1.29","1.95","29.63%","54.74%","1.26",819782.228467015,1.28835428182418,29.6336792245437
"MAX_POS=4, CAP=3 (Equal)",4,3,"equal","$827417.96","+8174.18%","+21.02%","1.30","1.96","29.01%","54.75%","1.27",827417.958575111,1.29993798789154,29.0118895015006
"MAX_POS=4, CAP=4 (Vince)",4,4,"vince","$819782.23","+8097.82%","+20.97%","1.29","1.95","29.63%","54.74%","1.26",819782.228467015,1.28835428182418,29.6336792245437
"MAX_POS=4, CAP=4 (Equal)",4,4,"equal","$827417.96","+8174.18%","+21.02%","1.30","1.96","29.01%","54.75%","1.27",827417.958575111,1.29993798789154,29.0118895015006
"MAX_POS=5, CAP=2 (Vince)",5,2,"vince","$802725.78","+7927.26%","+20.86%","1.25","1.87","35.00%","54.80%","1.25",802725.782573693,1.24591619911773,35.0015465298661
"MAX_POS=5, CAP=2 (Equal)",5,2,"equal","$830257.18","+8202.57%","+21.04%","1.26","1.90","34.86%","54.81%","1.26",830257.182556275,1.26234497802991,34.8551088239799
"MAX_POS=5, CAP=3 (Vince)",5,3,"vince","$802725.78","+7927.26%","+20.86%","1.25","1.87","35.00%","54.80%","1.25",802725.782573693,1.24591619911773,35.0015465298661
"MAX_POS=5, CAP=3 (Equal)",5,3,"equal","$830257.18","+8202.57%","+21.04%","1.26","1.90","34.86%","54.81%","1.26",830257.182556275,1.26234497802991,34.8551088239799
"MAX_POS=5, CAP=4 (Vince)",5,4,"vince","$802725.78","+7927.26%","+20.86%","1.25","1.87","35.00%","54.80%","1.25",802725.782573693,1.24591619911773,35.0015465298661
"MAX_POS=5, CAP=4 (Equal)",5,4,"equal","$830257.18","+8202.57%","+21.04%","1.26","1.90","34.86%","54.81%","1.26",830257.182556275,1.26234497802991,34.8551088239799
"MAX_POS=5, CAP=5 (Vince)",5,5,"vince","$802725.78","+7927.26%","+20.86%","1.25","1.87","35.00%","54.80%","1.25",802725.782573693,1.24591619911773,35.0015465298661
"MAX_POS=5, CAP=5 (Equal)",5,5,"equal","$830257.18","+8202.57%","+21.04%","1.26","1.90","34.86%","54.81%","1.26",830257.182556275,1.26234497802991,34.8551088239799
