"Horizon","Heat_Budget","PreTax_Wealth","AfterTax_Wealth","Ann_Return","Sharpe","Max_DD","Avg_Heat_Scale"
"2 Months","5%","$13729.66","$12349.69","+254.76%","1.82","20.24%","100.0%"
"2 Months","8%","$13729.66","$12349.69","+254.76%","1.82","20.24%","100.0%"
"2 Months","10%","$13729.66","$12349.69","+254.76%","1.82","20.24%","100.0%"
"6 Months","5%","$37142.06","$27099.50","+634.38%","2.27","32.71%","100.0%"
"6 Months","8%","$37142.06","$27099.50","+634.38%","2.27","32.71%","100.0%"
"6 Months","10%","$37142.06","$27099.50","+634.38%","2.27","32.71%","100.0%"
"12 Months","5%","$342445.14","$171272.07","+1612.72%","2.97","36.65%","100.0%"
"12 Months","8%","$342445.14","$171272.07","+1612.72%","2.97","36.65%","100.0%"
"12 Months","10%","$342445.14","$171272.07","+1612.72%","2.97","36.65%","100.0%"
"24 Months","5%","$1372006.62","$500503.94","+607.46%","2.33","58.28%","100.0%"
"24 Months","8%","$1372006.62","$500503.94","+607.46%","2.33","58.28%","100.0%"
"24 Months","10%","$1372006.62","$500503.94","+607.46%","2.33","58.28%","100.0%"
"60 Months","5%","$35796916.70","$6605492.40","+266.42%","1.86","64.06%","100.0%"
"60 Months","8%","$35796916.70","$6605492.40","+266.42%","1.86","64.06%","100.0%"
"60 Months","10%","$35796916.70","$6605492.40","+266.42%","1.86","64.06%","100.0%"
"84 Months","5%","$455340791.26","$47497078.53","+235.15%","1.80","64.06%","100.0%"
"84 Months","8%","$455340791.26","$47497078.53","+235.15%","1.80","64.06%","100.0%"
"84 Months","10%","$455340791.26","$47497078.53","+235.15%","1.80","64.06%","100.0%"
"120 Months","5%","$567687729.73","$54840491.35","+136.54%","1.47","65.78%","100.0%"
"120 Months","8%","$567687729.73","$54840491.35","+136.54%","1.47","65.78%","100.0%"
"120 Months","10%","$567687729.73","$54840491.35","+136.54%","1.47","65.78%","100.0%"
