"Horizon","Trading_Days","Configuration","Max_Positions","Sector_Cap","Heat_Budget","Heat_Num","PreTax_Wealth","AfterTax_Wealth","PreTax_AnnRet","AfterTax_AnnRet","Sharpe_Ratio","Sortino_Ratio","Max_Drawdown","Win_Rate","Profit_Factor","PreTax_Wealth_Num","AfterTax_Wealth_Num","Sharpe_Num","Max_DD_Num"
"2 Months",42,"MAX_POS=2, CAP=2",2,2,"5%",0.05,"$13426.82","$12158.90","+485.92%","+223.12%","1.77","3.45","26.13%","47.62%","1.35",13426.8179447941,12158.8953052203,1.77303455259126,26.1260528149002
"2 Months",42,"MAX_POS=2, CAP=2",2,2,"8%",0.08,"$13426.82","$12158.90","+485.92%","+223.12%","1.77","3.45","26.13%","47.62%","1.35",13426.8179447941,12158.8953052203,1.77303455259126,26.1260528149002
"2 Months",42,"MAX_POS=2, CAP=2",2,2,"10%",0.1,"$13426.82","$12158.90","+485.92%","+223.12%","1.77","3.45","26.13%","47.62%","1.35",13426.8179447941,12158.8953052203,1.77303455259126,26.1260528149002
"2 Months",42,"MAX_POS=3, CAP=2",3,2,"5%",0.05,"$13729.66","$12349.69","+569.82%","+254.76%","1.82","3.80","20.24%","47.62%","1.39",13729.6648499594,12349.6888554744,1.81792340854112,20.2369660921546
"2 Months",42,"MAX_POS=3, CAP=2",3,2,"8%",0.08,"$13729.66","$12349.69","+569.82%","+254.76%","1.82","3.80","20.24%","47.62%","1.39",13729.6648499594,12349.6888554744,1.81792340854112,20.2369660921546
"2 Months",42,"MAX_POS=3, CAP=2",3,2,"10%",0.1,"$13729.66","$12349.69","+569.82%","+254.76%","1.82","3.80","20.24%","47.62%","1.39",13729.6648499594,12349.6888554744,1.81792340854112,20.2369660921546
"2 Months",42,"MAX_POS=3, CAP=3",3,3,"5%",0.05,"$13729.66","$12349.69","+569.82%","+254.76%","1.82","3.80","20.24%","47.62%","1.39",13729.6648499594,12349.6888554744,1.81792340854112,20.2369660921546
"2 Months",42,"MAX_POS=3, CAP=3",3,3,"8%",0.08,"$13729.66","$12349.69","+569.82%","+254.76%","1.82","3.80","20.24%","47.62%","1.39",13729.6648499594,12349.6888554744,1.81792340854112,20.2369660921546
"2 Months",42,"MAX_POS=3, CAP=3",3,3,"10%",0.1,"$13729.66","$12349.69","+569.82%","+254.76%","1.82","3.80","20.24%","47.62%","1.39",13729.6648499594,12349.6888554744,1.81792340854112,20.2369660921546
"2 Months",42,"MAX_POS=4, CAP=2",4,2,"5%",0.05,"$12913.42","$11835.45","+363.71%","+174.86%","1.56","3.12","23.78%","40.48%","1.32",12913.4198615967,11835.4545128059,1.55636201825732,23.781858650452
"2 Months",42,"MAX_POS=4, CAP=2",4,2,"8%",0.08,"$12913.42","$11835.45","+363.71%","+174.86%","1.56","3.12","23.78%","40.48%","1.32",12913.4198615967,11835.4545128059,1.55636201825732,23.781858650452
"2 Months",42,"MAX_POS=4, CAP=2",4,2,"10%",0.1,"$12913.42","$11835.45","+363.71%","+174.86%","1.56","3.12","23.78%","40.48%","1.32",12913.4198615967,11835.4545128059,1.55636201825732,23.781858650452
"2 Months",42,"MAX_POS=4, CAP=3",4,3,"5%",0.05,"$12972.41","$11872.62","+376.57%","+180.08%","1.58","3.16","23.78%","40.48%","1.32",12972.409293141,11872.6178546788,1.57722013711888,23.781858650452
"2 Months",42,"MAX_POS=4, CAP=3",4,3,"8%",0.08,"$12972.41","$11872.62","+376.57%","+180.08%","1.58","3.16","23.78%","40.48%","1.32",12972.409293141,11872.6178546788,1.57722013711888,23.781858650452
"2 Months",42,"MAX_POS=4, CAP=3",4,3,"10%",0.1,"$12972.41","$11872.62","+376.57%","+180.08%","1.58","3.16","23.78%","40.48%","1.32",12972.409293141,11872.6178546788,1.57722013711888,23.781858650452
"2 Months",42,"MAX_POS=4, CAP=4",4,4,"5%",0.05,"$12972.41","$11872.62","+376.57%","+180.08%","1.58","3.16","23.78%","40.48%","1.32",12972.409293141,11872.6178546788,1.57722013711888,23.781858650452
"2 Months",42,"MAX_POS=4, CAP=4",4,4,"8%",0.08,"$12972.41","$11872.62","+376.57%","+180.08%","1.58","3.16","23.78%","40.48%","1.32",12972.409293141,11872.6178546788,1.57722013711888,23.781858650452
"2 Months",42,"MAX_POS=4, CAP=4",4,4,"10%",0.1,"$12972.41","$11872.62","+376.57%","+180.08%","1.58","3.16","23.78%","40.48%","1.32",12972.409293141,11872.6178546788,1.57722013711888,23.781858650452
"2 Months",42,"MAX_POS=5, CAP=2",5,2,"5%",0.05,"$12004.26","$11262.68","+199.23%","+104.10%","1.25","2.53","22.73%","38.10%","1.26",12004.2553633831,11262.6808789313,1.25229150941906,22.72694586481
"2 Months",42,"MAX_POS=5, CAP=2",5,2,"8%",0.08,"$12004.26","$11262.68","+199.23%","+104.10%","1.25","2.53","22.73%","38.10%","1.26",12004.2553633831,11262.6808789313,1.25229150941906,22.72694586481
"2 Months",42,"MAX_POS=5, CAP=2",5,2,"10%",0.1,"$12004.26","$11262.68","+199.23%","+104.10%","1.25","2.53","22.73%","38.10%","1.26",12004.2553633831,11262.6808789313,1.25229150941906,22.72694586481
"2 Months",42,"MAX_POS=5, CAP=3",5,3,"5%",0.05,"$12290.18","$11442.81","+244.63%","+124.49%","1.39","2.75","22.72%","38.10%","1.29",12290.1774311779,11442.8117816421,1.388993133408,22.7163938466926
"2 Months",42,"MAX_POS=5, CAP=3",5,3,"8%",0.08,"$12290.18","$11442.81","+244.63%","+124.49%","1.39","2.75","22.72%","38.10%","1.29",12290.1774311779,11442.8117816421,1.388993133408,22.7163938466926
"2 Months",42,"MAX_POS=5, CAP=3",5,3,"10%",0.1,"$12290.18","$11442.81","+244.63%","+124.49%","1.39","2.75","22.72%","38.10%","1.29",12290.1774311779,11442.8117816421,1.388993133408,22.7163938466926
"2 Months",42,"MAX_POS=5, CAP=4",5,4,"5%",0.05,"$12322.27","$11463.03","+250.06%","+126.88%","1.40","2.77","22.72%","38.10%","1.29",12322.2710351733,11463.0307521592,1.40182750978449,22.7163938466926
"2 Months",42,"MAX_POS=5, CAP=4",5,4,"8%",0.08,"$12322.27","$11463.03","+250.06%","+126.88%","1.40","2.77","22.72%","38.10%","1.29",12322.2710351733,11463.0307521592,1.40182750978449,22.7163938466926
"2 Months",42,"MAX_POS=5, CAP=4",5,4,"10%",0.1,"$12322.27","$11463.03","+250.06%","+126.88%","1.40","2.77","22.72%","38.10%","1.29",12322.2710351733,11463.0307521592,1.40182750978449,22.7163938466926
"2 Months",42,"MAX_POS=5, CAP=5",5,5,"5%",0.05,"$12322.27","$11463.03","+250.06%","+126.88%","1.40","2.77","22.72%","38.10%","1.29",12322.2710351733,11463.0307521592,1.40182750978449,22.7163938466926
"2 Months",42,"MAX_POS=5, CAP=5",5,5,"8%",0.08,"$12322.27","$11463.03","+250.06%","+126.88%","1.40","2.77","22.72%","38.10%","1.29",12322.2710351733,11463.0307521592,1.40182750978449,22.7163938466926
"2 Months",42,"MAX_POS=5, CAP=5",5,5,"10%",0.1,"$12322.27","$11463.03","+250.06%","+126.88%","1.40","2.77","22.72%","38.10%","1.29",12322.2710351733,11463.0307521592,1.40182750978449,22.7163938466926
"6 Months",126,"MAX_POS=2, CAP=2",2,2,"5%",0.05,"$29822.67","$22488.28","+789.39%","+405.72%","1.85","3.14","39.45%","49.21%","1.37",29822.6654750528,22488.2792492833,1.85357632880431,39.4523527167411
"6 Months",126,"MAX_POS=2, CAP=2",2,2,"8%",0.08,"$29822.67","$22488.28","+789.39%","+405.72%","1.85","3.14","39.45%","49.21%","1.37",29822.6654750528,22488.2792492833,1.85357632880431,39.4523527167411
"6 Months",126,"MAX_POS=2, CAP=2",2,2,"10%",0.1,"$29822.67","$22488.28","+789.39%","+405.72%","1.85","3.14","39.45%","49.21%","1.37",29822.6654750528,22488.2792492833,1.85357632880431,39.4523527167411
"6 Months",126,"MAX_POS=3, CAP=2",3,2,"5%",0.05,"$37554.08","$27359.07","+1310.31%","+648.52%","2.28","3.82","36.51%","53.17%","1.46",37554.0843452962,27359.0731375366,2.28492975144239,36.5112226438833
"6 Months",126,"MAX_POS=3, CAP=2",3,2,"8%",0.08,"$37554.08","$27359.07","+1310.31%","+648.52%","2.28","3.82","36.51%","53.17%","1.46",37554.0843452962,27359.0731375366,2.28492975144239,36.5112226438833
"6 Months",126,"MAX_POS=3, CAP=2",3,2,"10%",0.1,"$37554.08","$27359.07","+1310.31%","+648.52%","2.28","3.82","36.51%","53.17%","1.46",37554.0843452962,27359.0731375366,2.28492975144239,36.5112226438833
"6 Months",126,"MAX_POS=3, CAP=3",3,3,"5%",0.05,"$37142.06","$27099.50","+1279.53%","+634.38%","2.27","3.80","32.71%","53.17%","1.46",37142.0620014029,27099.4990608838,2.27090000286156,32.7147466780812
"6 Months",126,"MAX_POS=3, CAP=3",3,3,"8%",0.08,"$37142.06","$27099.50","+1279.53%","+634.38%","2.27","3.80","32.71%","53.17%","1.46",37142.0620014029,27099.4990608838,2.27090000286156,32.7147466780812
"6 Months",126,"MAX_POS=3, CAP=3",3,3,"10%",0.1,"$37142.06","$27099.50","+1279.53%","+634.38%","2.27","3.80","32.71%","53.17%","1.46",37142.0620014029,27099.4990608838,2.27090000286156,32.7147466780812
"6 Months",126,"MAX_POS=4, CAP=2",4,2,"5%",0.05,"$23065.36","$18231.18","+432.01%","+232.38%","1.63","2.64","43.01%","49.21%","1.30",23065.3601299285,18231.176881855,1.63206012485729,43.0107196985608
"6 Months",126,"MAX_POS=4, CAP=2",4,2,"8%",0.08,"$23065.36","$18231.18","+432.01%","+232.38%","1.63","2.64","43.01%","49.21%","1.30",23065.3601299285,18231.176881855,1.63206012485729,43.0107196985608
"6 Months",126,"MAX_POS=4, CAP=2",4,2,"10%",0.1,"$23065.36","$18231.18","+432.01%","+232.38%","1.63","2.64","43.01%","49.21%","1.30",23065.3601299285,18231.176881855,1.63206012485729,43.0107196985608
"6 Months",126,"MAX_POS=4, CAP=3",4,3,"5%",0.05,"$24560.63","$19173.20","+503.22%","+267.61%","1.71","2.80","43.56%","48.41%","1.32",24560.6296676178,19173.1966905992,1.70729666403792,43.5580033327697
"6 Months",126,"MAX_POS=4, CAP=3",4,3,"8%",0.08,"$24560.63","$19173.20","+503.22%","+267.61%","1.71","2.80","43.56%","48.41%","1.32",24560.6296676178,19173.1966905992,1.70729666403792,43.5580033327697
"6 Months",126,"MAX_POS=4, CAP=3",4,3,"10%",0.1,"$24560.63","$19173.20","+503.22%","+267.61%","1.71","2.80","43.56%","48.41%","1.32",24560.6296676178,19173.1966905992,1.70729666403792,43.5580033327697
"6 Months",126,"MAX_POS=4, CAP=4",4,4,"5%",0.05,"$24560.63","$19173.20","+503.22%","+267.61%","1.71","2.80","43.56%","48.41%","1.32",24560.6296676178,19173.1966905992,1.70729666403792,43.5580033327697
"6 Months",126,"MAX_POS=4, CAP=4",4,4,"8%",0.08,"$24560.63","$19173.20","+503.22%","+267.61%","1.71","2.80","43.56%","48.41%","1.32",24560.6296676178,19173.1966905992,1.70729666403792,43.5580033327697
"6 Months",126,"MAX_POS=4, CAP=4",4,4,"10%",0.1,"$24560.63","$19173.20","+503.22%","+267.61%","1.71","2.80","43.56%","48.41%","1.32",24560.6296676178,19173.1966905992,1.70729666403792,43.5580033327697
"6 Months",126,"MAX_POS=5, CAP=2",5,2,"5%",0.05,"$20589.66","$16671.48","+323.93%","+177.94%","1.50","2.37","42.63%","50.00%","1.28",20589.6575073766,16671.4842296473,1.50350934816339,42.6326948889876
"6 Months",126,"MAX_POS=5, CAP=2",5,2,"8%",0.08,"$20589.66","$16671.48","+323.93%","+177.94%","1.50","2.37","42.63%","50.00%","1.28",20589.6575073766,16671.4842296473,1.50350934816339,42.6326948889876
"6 Months",126,"MAX_POS=5, CAP=2",5,2,"10%",0.1,"$20589.66","$16671.48","+323.93%","+177.94%","1.50","2.37","42.63%","50.00%","1.28",20589.6575073766,16671.4842296473,1.50350934816339,42.6326948889876
"6 Months",126,"MAX_POS=5, CAP=3",5,3,"5%",0.05,"$23441.57","$18468.19","+449.51%","+241.07%","1.68","2.66","45.06%","50.79%","1.32",23441.573512813,18468.1913130722,1.6779305890342,45.0629256143196
"6 Months",126,"MAX_POS=5, CAP=3",5,3,"8%",0.08,"$23441.57","$18468.19","+449.51%","+241.07%","1.68","2.66","45.06%","50.79%","1.32",23441.573512813,18468.1913130722,1.6779305890342,45.0629256143196
"6 Months",126,"MAX_POS=5, CAP=3",5,3,"10%",0.1,"$23441.57","$18468.19","+449.51%","+241.07%","1.68","2.66","45.06%","50.79%","1.32",23441.573512813,18468.1913130722,1.6779305890342,45.0629256143196
"6 Months",126,"MAX_POS=5, CAP=4",5,4,"5%",0.05,"$22186.95","$17677.78","+392.26%","+212.50%","1.59","2.53","45.06%","50.00%","1.30",22186.9545120643,17677.7813426005,1.59470799014933,45.0629256143197
"6 Months",126,"MAX_POS=5, CAP=4",5,4,"8%",0.08,"$22186.95","$17677.78","+392.26%","+212.50%","1.59","2.53","45.06%","50.00%","1.30",22186.9545120643,17677.7813426005,1.59470799014933,45.0629256143197
"6 Months",126,"MAX_POS=5, CAP=4",5,4,"10%",0.1,"$22186.95","$17677.78","+392.26%","+212.50%","1.59","2.53","45.06%","50.00%","1.30",22186.9545120643,17677.7813426005,1.59470799014933,45.0629256143197
"6 Months",126,"MAX_POS=5, CAP=5",5,5,"5%",0.05,"$22186.95","$17677.78","+392.26%","+212.50%","1.59","2.53","45.06%","50.00%","1.30",22186.9545120643,17677.7813426005,1.59470799014933,45.0629256143197
"6 Months",126,"MAX_POS=5, CAP=5",5,5,"8%",0.08,"$22186.95","$17677.78","+392.26%","+212.50%","1.59","2.53","45.06%","50.00%","1.30",22186.9545120643,17677.7813426005,1.59470799014933,45.0629256143197
"6 Months",126,"MAX_POS=5, CAP=5",5,5,"10%",0.1,"$22186.95","$17677.78","+392.26%","+212.50%","1.59","2.53","45.06%","50.00%","1.30",22186.9545120643,17677.7813426005,1.59470799014933,45.0629256143197
"12 Months",252,"MAX_POS=2, CAP=2",2,2,"5%",0.05,"$199100.92","$104099.76","+1891.01%","+941.00%","2.38","3.87","41.50%","52.78%","1.50",199100.919907007,104099.76492439,2.37847897528047,41.5038645835942
"12 Months",252,"MAX_POS=2, CAP=2",2,2,"8%",0.08,"$199100.92","$104099.76","+1891.01%","+941.00%","2.38","3.87","41.50%","52.78%","1.50",199100.919907007,104099.76492439,2.37847897528047,41.5038645835942
"12 Months",252,"MAX_POS=2, CAP=2",2,2,"10%",0.1,"$199100.92","$104099.76","+1891.01%","+941.00%","2.38","3.87","41.50%","52.78%","1.50",199100.919907007,104099.76492439,2.37847897528047,41.5038645835942
"12 Months",252,"MAX_POS=3, CAP=2",3,2,"5%",0.05,"$255083.14","$135093.13","+2450.83%","+1250.93%","2.79","4.47","38.71%","57.14%","1.59",255083.140154501,135093.134611792,2.79061772774874,38.7078435933504
"12 Months",252,"MAX_POS=3, CAP=2",3,2,"8%",0.08,"$255083.14","$135093.13","+2450.83%","+1250.93%","2.79","4.47","38.71%","57.14%","1.59",255083.140154501,135093.134611792,2.79061772774874,38.7078435933504
"12 Months",252,"MAX_POS=3, CAP=2",3,2,"10%",0.1,"$255083.14","$135093.13","+2450.83%","+1250.93%","2.79","4.47","38.71%","57.14%","1.59",255083.140154501,135093.134611792,2.79061772774874,38.7078435933504
"12 Months",252,"MAX_POS=3, CAP=3",3,3,"5%",0.05,"$342445.14","$171272.07","+3324.45%","+1612.72%","2.97","4.75","36.65%","57.54%","1.64",342445.143335728,171272.07424001,2.96889202914701,36.6543390932169
"12 Months",252,"MAX_POS=3, CAP=3",3,3,"8%",0.08,"$342445.14","$171272.07","+3324.45%","+1612.72%","2.97","4.75","36.65%","57.54%","1.64",342445.143335728,171272.07424001,2.96889202914701,36.6543390932169
"12 Months",252,"MAX_POS=3, CAP=3",3,3,"10%",0.1,"$342445.14","$171272.07","+3324.45%","+1612.72%","2.97","4.75","36.65%","57.54%","1.64",342445.143335728,171272.07424001,2.96889202914701,36.6543390932169
"12 Months",252,"MAX_POS=4, CAP=2",4,2,"5%",0.05,"$133307.12","$74563.41","+1233.07%","+645.63%","2.37","3.68","45.70%","55.95%","1.49",133307.117022499,74563.40638094,2.37343969749976,45.6993573294865
"12 Months",252,"MAX_POS=4, CAP=2",4,2,"8%",0.08,"$133307.12","$74563.41","+1233.07%","+645.63%","2.37","3.68","45.70%","55.95%","1.49",133307.117022499,74563.40638094,2.37343969749976,45.6993573294865
"12 Months",252,"MAX_POS=4, CAP=2",4,2,"10%",0.1,"$133307.12","$74563.41","+1233.07%","+645.63%","2.37","3.68","45.70%","55.95%","1.49",133307.117022499,74563.40638094,2.37343969749976,45.6993573294865
"12 Months",252,"MAX_POS=4, CAP=3",4,3,"5%",0.05,"$163970.12","$88594.95","+1539.70%","+785.95%","2.51","3.91","46.29%","56.35%","1.52",163970.117741182,88594.9536377855,2.5121401953608,46.2851432123764
"12 Months",252,"MAX_POS=4, CAP=3",4,3,"8%",0.08,"$163970.12","$88594.95","+1539.70%","+785.95%","2.51","3.91","46.29%","56.35%","1.52",163970.117741182,88594.9536377855,2.5121401953608,46.2851432123764
"12 Months",252,"MAX_POS=4, CAP=3",4,3,"10%",0.1,"$163970.12","$88594.95","+1539.70%","+785.95%","2.51","3.91","46.29%","56.35%","1.52",163970.117741182,88594.9536377855,2.5121401953608,46.2851432123764
"12 Months",252,"MAX_POS=4, CAP=4",4,4,"5%",0.05,"$173012.12","$92475.08","+1630.12%","+824.75%","2.55","3.97","46.29%","56.75%","1.53",173012.119748385,92475.0787190025,2.54504741620366,46.2851432123764
"12 Months",252,"MAX_POS=4, CAP=4",4,4,"8%",0.08,"$173012.12","$92475.08","+1630.12%","+824.75%","2.55","3.97","46.29%","56.75%","1.53",173012.119748385,92475.0787190025,2.54504741620366,46.2851432123764
"12 Months",252,"MAX_POS=4, CAP=4",4,4,"10%",0.1,"$173012.12","$92475.08","+1630.12%","+824.75%","2.55","3.97","46.29%","56.75%","1.53",173012.119748385,92475.0787190025,2.54504741620366,46.2851432123764
"12 Months",252,"MAX_POS=5, CAP=2",5,2,"5%",0.05,"$100944.04","$57755.41","+909.44%","+477.55%","2.22","3.39","48.05%","56.35%","1.45",100944.042893612,57755.4078607283,2.21561601642436,48.0526062759353
"12 Months",252,"MAX_POS=5, CAP=2",5,2,"8%",0.08,"$100944.04","$57755.41","+909.44%","+477.55%","2.22","3.39","48.05%","56.35%","1.45",100944.042893612,57755.4078607283,2.21561601642436,48.0526062759353
"12 Months",252,"MAX_POS=5, CAP=2",5,2,"10%",0.1,"$100944.04","$57755.41","+909.44%","+477.55%","2.22","3.39","48.05%","56.35%","1.45",100944.042893612,57755.4078607283,2.21561601642436,48.0526062759353
"12 Months",252,"MAX_POS=5, CAP=3",5,3,"5%",0.05,"$114510.75","$64534.59","+1045.11%","+545.35%","2.32","3.53","49.61%","57.54%","1.48",114510.745924109,64534.5937693929,2.31741989506922,49.6110816495143
"12 Months",252,"MAX_POS=5, CAP=3",5,3,"8%",0.08,"$114510.75","$64534.59","+1045.11%","+545.35%","2.32","3.53","49.61%","57.54%","1.48",114510.745924109,64534.5937693929,2.31741989506922,49.6110816495143
"12 Months",252,"MAX_POS=5, CAP=3",5,3,"10%",0.1,"$114510.75","$64534.59","+1045.11%","+545.35%","2.32","3.53","49.61%","57.54%","1.48",114510.745924109,64534.5937693929,2.31741989506922,49.6110816495143
"12 Months",252,"MAX_POS=5, CAP=4",5,4,"5%",0.05,"$107834.99","$61170.80","+978.35%","+511.71%","2.27","3.45","49.21%","57.14%","1.46",107834.990573444,61170.7971310889,2.26545950006344,49.205196313841
"12 Months",252,"MAX_POS=5, CAP=4",5,4,"8%",0.08,"$107834.99","$61170.80","+978.35%","+511.71%","2.27","3.45","49.21%","57.14%","1.46",107834.990573444,61170.7971310889,2.26545950006344,49.205196313841
"12 Months",252,"MAX_POS=5, CAP=4",5,4,"10%",0.1,"$107834.99","$61170.80","+978.35%","+511.71%","2.27","3.45","49.21%","57.14%","1.46",107834.990573444,61170.7971310889,2.26545950006344,49.205196313841
"12 Months",252,"MAX_POS=5, CAP=5",5,5,"5%",0.05,"$107834.99","$61170.80","+978.35%","+511.71%","2.27","3.45","49.21%","57.14%","1.46",107834.990573444,61170.7971310889,2.26545950006344,49.205196313841
"12 Months",252,"MAX_POS=5, CAP=5",5,5,"8%",0.08,"$107834.99","$61170.80","+978.35%","+511.71%","2.27","3.45","49.21%","57.14%","1.46",107834.990573444,61170.7971310889,2.26545950006344,49.205196313841
"12 Months",252,"MAX_POS=5, CAP=5",5,5,"10%",0.1,"$107834.99","$61170.80","+978.35%","+511.71%","2.27","3.45","49.21%","57.14%","1.46",107834.990573444,61170.7971310889,2.26545950006344,49.205196313841
"24 Months",504,"MAX_POS=2, CAP=2",2,2,"5%",0.05,"$732983.72","$278943.53","+756.14%","+428.15%","1.94","3.08","65.03%","54.96%","1.41",732983.723411126,278943.529052637,1.9420237453317,65.0258299945934
"24 Months",504,"MAX_POS=2, CAP=2",2,2,"8%",0.08,"$732983.72","$278943.53","+756.14%","+428.15%","1.94","3.08","65.03%","54.96%","1.41",732983.723411126,278943.529052637,1.9420237453317,65.0258299945934
"24 Months",504,"MAX_POS=2, CAP=2",2,2,"10%",0.1,"$732983.72","$278943.53","+756.14%","+428.15%","1.94","3.08","65.03%","54.96%","1.41",732983.723411126,278943.529052637,1.9420237453317,65.0258299945934
"24 Months",504,"MAX_POS=3, CAP=2",3,2,"5%",0.05,"$880681.59","$341367.24","+838.45%","+484.27%","2.17","3.43","59.46%","57.54%","1.46",880681.589256831,341367.244827432,2.16965799212546,59.4599010729703
"24 Months",504,"MAX_POS=3, CAP=2",3,2,"8%",0.08,"$880681.59","$341367.24","+838.45%","+484.27%","2.17","3.43","59.46%","57.54%","1.46",880681.589256831,341367.244827432,2.16965799212546,59.4599010729703
"24 Months",504,"MAX_POS=3, CAP=2",3,2,"10%",0.1,"$880681.59","$341367.24","+838.45%","+484.27%","2.17","3.43","59.46%","57.54%","1.46",880681.589256831,341367.244827432,2.16965799212546,59.4599010729703
"24 Months",504,"MAX_POS=3, CAP=3",3,3,"5%",0.05,"$1372006.62","$500503.94","+1071.33%","+607.46%","2.33","3.69","58.28%","57.14%","1.50",1372006.62331199,500503.941373411,2.33027416132069,58.2790524241577
"24 Months",504,"MAX_POS=3, CAP=3",3,3,"8%",0.08,"$1372006.62","$500503.94","+1071.33%","+607.46%","2.33","3.69","58.28%","57.14%","1.50",1372006.62331199,500503.941373411,2.33027416132069,58.2790524241577
"24 Months",504,"MAX_POS=3, CAP=3",3,3,"10%",0.1,"$1372006.62","$500503.94","+1071.33%","+607.46%","2.33","3.69","58.28%","57.14%","1.50",1372006.62331199,500503.941373411,2.33027416132069,58.2790524241577
"24 Months",504,"MAX_POS=4, CAP=2",4,2,"5%",0.05,"$287392.60","$129261.63","+436.09%","+259.53%","1.81","2.75","64.33%","55.36%","1.36",287392.600692582,129261.627619787,1.80922718091258,64.3304783886836
"24 Months",504,"MAX_POS=4, CAP=2",4,2,"8%",0.08,"$287392.60","$129261.63","+436.09%","+259.53%","1.81","2.75","64.33%","55.36%","1.36",287392.600692582,129261.627619787,1.80922718091258,64.3304783886836
"24 Months",504,"MAX_POS=4, CAP=2",4,2,"10%",0.1,"$287392.60","$129261.63","+436.09%","+259.53%","1.81","2.75","64.33%","55.36%","1.36",287392.600692582,129261.627619787,1.80922718091258,64.3304783886836
"24 Months",504,"MAX_POS=4, CAP=3",4,3,"5%",0.05,"$557334.08","$221748.82","+646.55%","+370.90%","2.05","3.15","69.85%","55.95%","1.42",557334.08363636,221748.816131337,2.04793905403365,69.8543419564484
"24 Months",504,"MAX_POS=4, CAP=3",4,3,"8%",0.08,"$557334.08","$221748.82","+646.55%","+370.90%","2.05","3.15","69.85%","55.95%","1.42",557334.08363636,221748.816131337,2.04793905403365,69.8543419564484
"24 Months",504,"MAX_POS=4, CAP=3",4,3,"10%",0.1,"$557334.08","$221748.82","+646.55%","+370.90%","2.05","3.15","69.85%","55.95%","1.42",557334.08363636,221748.816131337,2.04793905403365,69.8543419564484
"24 Months",504,"MAX_POS=4, CAP=4",4,4,"5%",0.05,"$515702.54","$207756.76","+618.12%","+355.80%","2.01","3.10","69.46%","55.95%","1.41",515702.53712526,207756.756375276,2.0109603898374,69.459734772281
"24 Months",504,"MAX_POS=4, CAP=4",4,4,"8%",0.08,"$515702.54","$207756.76","+618.12%","+355.80%","2.01","3.10","69.46%","55.95%","1.41",515702.53712526,207756.756375276,2.0109603898374,69.459734772281
"24 Months",504,"MAX_POS=4, CAP=4",4,4,"10%",0.1,"$515702.54","$207756.76","+618.12%","+355.80%","2.01","3.10","69.46%","55.95%","1.41",515702.53712526,207756.756375276,2.0109603898374,69.459734772281
"24 Months",504,"MAX_POS=5, CAP=2",5,2,"5%",0.05,"$205756.49","$95770.88","+353.60%","+209.47%","1.71","2.57","60.08%","55.56%","1.34",205756.491859607,95770.8797648542,1.70652338635513,60.0802754290194
"24 Months",504,"MAX_POS=5, CAP=2",5,2,"8%",0.08,"$205756.49","$95770.88","+353.60%","+209.47%","1.71","2.57","60.08%","55.56%","1.34",205756.491859607,95770.8797648542,1.70652338635513,60.0802754290194
"24 Months",504,"MAX_POS=5, CAP=2",5,2,"10%",0.1,"$205756.49","$95770.88","+353.60%","+209.47%","1.71","2.57","60.08%","55.56%","1.34",205756.491859607,95770.8797648542,1.70652338635513,60.0802754290194
"24 Months",504,"MAX_POS=5, CAP=3",5,3,"5%",0.05,"$322729.69","$138233.66","+468.09%","+271.80%","1.89","2.85","63.07%","55.56%","1.38",322729.692436604,138233.655271047,1.88622916522108,63.0704801886243
"24 Months",504,"MAX_POS=5, CAP=3",5,3,"8%",0.08,"$322729.69","$138233.66","+468.09%","+271.80%","1.89","2.85","63.07%","55.56%","1.38",322729.692436604,138233.655271047,1.88622916522108,63.0704801886243
"24 Months",504,"MAX_POS=5, CAP=3",5,3,"10%",0.1,"$322729.69","$138233.66","+468.09%","+271.80%","1.89","2.85","63.07%","55.56%","1.38",322729.692436604,138233.655271047,1.88622916522108,63.0704801886243
"24 Months",504,"MAX_POS=5, CAP=4",5,4,"5%",0.05,"$305977.12","$131881.97","+453.15%","+263.16%","1.85","2.81","64.39%","55.75%","1.37",305977.123357959,131881.969039166,1.85154467486691,64.3865250753331
"24 Months",504,"MAX_POS=5, CAP=4",5,4,"8%",0.08,"$305977.12","$131881.97","+453.15%","+263.16%","1.85","2.81","64.39%","55.75%","1.37",305977.123357959,131881.969039166,1.85154467486691,64.3865250753331
"24 Months",504,"MAX_POS=5, CAP=4",5,4,"10%",0.1,"$305977.12","$131881.97","+453.15%","+263.16%","1.85","2.81","64.39%","55.75%","1.37",305977.123357959,131881.969039166,1.85154467486691,64.3865250753331
"24 Months",504,"MAX_POS=5, CAP=5",5,5,"5%",0.05,"$309936.95","$133074.78","+456.72%","+264.79%","1.86","2.81","64.22%","55.95%","1.37",309936.953612584,133074.782529403,1.85520121675532,64.2169608062736
"24 Months",504,"MAX_POS=5, CAP=5",5,5,"8%",0.08,"$309936.95","$133074.78","+456.72%","+264.79%","1.86","2.81","64.22%","55.95%","1.37",309936.953612584,133074.782529403,1.85520121675532,64.2169608062736
"24 Months",504,"MAX_POS=5, CAP=5",5,5,"10%",0.1,"$309936.95","$133074.78","+456.72%","+264.79%","1.86","2.81","64.22%","55.95%","1.37",309936.953612584,133074.782529403,1.85520121675532,64.2169608062736
"60 Months",1260,"MAX_POS=2, CAP=2",2,2,"5%",0.05,"$8581452.71","$1998464.68","+286.11%","+188.50%","1.52","2.40","68.96%","52.86%","1.32",8581452.7107853,1998464.6809339,1.52419327675292,68.9601988788317
"60 Months",1260,"MAX_POS=2, CAP=2",2,2,"8%",0.08,"$8581452.71","$1998464.68","+286.11%","+188.50%","1.52","2.40","68.96%","52.86%","1.32",8581452.7107853,1998464.6809339,1.52419327675292,68.9601988788317
"60 Months",1260,"MAX_POS=2, CAP=2",2,2,"10%",0.1,"$8581452.71","$1998464.68","+286.11%","+188.50%","1.52","2.40","68.96%","52.86%","1.32",8581452.7107853,1998464.6809339,1.52419327675292,68.9601988788317
"60 Months",1260,"MAX_POS=3, CAP=2",3,2,"5%",0.05,"$15800036.14","$3349260.33","+336.25%","+219.88%","1.72","2.69","64.17%","53.97%","1.36",15800036.1425083,3349260.32576394,1.71703315625713,64.1670934404694
"60 Months",1260,"MAX_POS=3, CAP=2",3,2,"8%",0.08,"$15800036.14","$3349260.33","+336.25%","+219.88%","1.72","2.69","64.17%","53.97%","1.36",15800036.1425083,3349260.32576394,1.71703315625713,64.1670934404694
"60 Months",1260,"MAX_POS=3, CAP=2",3,2,"10%",0.1,"$15800036.14","$3349260.33","+336.25%","+219.88%","1.72","2.69","64.17%","53.97%","1.36",15800036.1425083,3349260.32576394,1.71703315625713,64.1670934404694
"60 Months",1260,"MAX_POS=3, CAP=3",3,3,"5%",0.05,"$35796916.70","$6605492.40","+413.77%","+266.42%","1.86","2.91","64.06%","54.29%","1.39",35796916.6960597,6605492.40027474,1.85564092790093,64.0638230858953
"60 Months",1260,"MAX_POS=3, CAP=3",3,3,"8%",0.08,"$35796916.70","$6605492.40","+413.77%","+266.42%","1.86","2.91","64.06%","54.29%","1.39",35796916.6960597,6605492.40027474,1.85564092790093,64.0638230858953
"60 Months",1260,"MAX_POS=3, CAP=3",3,3,"10%",0.1,"$35796916.70","$6605492.40","+413.77%","+266.42%","1.86","2.91","64.06%","54.29%","1.39",35796916.6960597,6605492.40027474,1.85564092790093,64.0638230858953
"60 Months",1260,"MAX_POS=4, CAP=2",4,2,"5%",0.05,"$4173224.38","$1074231.22","+234.27%","+154.81%","1.54","2.36","69.38%","52.86%","1.31",4173224.38305288,1074231.22035671,1.53989713351496,69.3803194355574
"60 Months",1260,"MAX_POS=4, CAP=2",4,2,"8%",0.08,"$4173224.38","$1074231.22","+234.27%","+154.81%","1.54","2.36","69.38%","52.86%","1.31",4173224.38305288,1074231.22035671,1.53989713351496,69.3803194355574
"60 Months",1260,"MAX_POS=4, CAP=2",4,2,"10%",0.1,"$4173224.38","$1074231.22","+234.27%","+154.81%","1.54","2.36","69.38%","52.86%","1.31",4173224.38305288,1074231.22035671,1.53989713351496,69.3803194355574
"60 Months",1260,"MAX_POS=4, CAP=3",4,3,"5%",0.05,"$9252379.96","$2144318.52","+291.97%","+192.59%","1.69","2.61","73.18%","53.49%","1.34",9252379.95588428,2144318.52359944,1.69358407658149,73.176667094285
"60 Months",1260,"MAX_POS=4, CAP=3",4,3,"8%",0.08,"$9252379.96","$2144318.52","+291.97%","+192.59%","1.69","2.61","73.18%","53.49%","1.34",9252379.95588428,2144318.52359944,1.69358407658149,73.176667094285
"60 Months",1260,"MAX_POS=4, CAP=3",4,3,"10%",0.1,"$9252379.96","$2144318.52","+291.97%","+192.59%","1.69","2.61","73.18%","53.49%","1.34",9252379.95588428,2144318.52359944,1.69358407658149,73.176667094285
"60 Months",1260,"MAX_POS=4, CAP=4",4,4,"5%",0.05,"$9184047.17","$2111708.35","+291.39%","+191.69%","1.69","2.60","73.06%","53.41%","1.34",9184047.17407478,2111708.34534936,1.68983695553575,73.0603901495124
"60 Months",1260,"MAX_POS=4, CAP=4",4,4,"8%",0.08,"$9184047.17","$2111708.35","+291.39%","+191.69%","1.69","2.60","73.06%","53.41%","1.34",9184047.17407478,2111708.34534936,1.68983695553575,73.0603901495124
"60 Months",1260,"MAX_POS=4, CAP=4",4,4,"10%",0.1,"$9184047.17","$2111708.35","+291.39%","+191.69%","1.69","2.60","73.06%","53.41%","1.34",9184047.17407478,2111708.34534936,1.68983695553575,73.0603901495124
"60 Months",1260,"MAX_POS=5, CAP=2",5,2,"5%",0.05,"$2829524.44","$774960.47","+209.27%","+138.70%","1.51","2.29","65.88%","53.41%","1.30",2829524.43832035,774960.465548121,1.50885190515005,65.8810716440789
"60 Months",1260,"MAX_POS=5, CAP=2",5,2,"8%",0.08,"$2829524.44","$774960.47","+209.27%","+138.70%","1.51","2.29","65.88%","53.41%","1.30",2829524.43832035,774960.465548121,1.50885190515005,65.8810716440789
"60 Months",1260,"MAX_POS=5, CAP=2",5,2,"10%",0.1,"$2829524.44","$774960.47","+209.27%","+138.70%","1.51","2.29","65.88%","53.41%","1.30",2829524.43832035,774960.465548121,1.50885190515005,65.8810716440789
"60 Months",1260,"MAX_POS=5, CAP=3",5,3,"5%",0.05,"$3822657.15","$995233.58","+228.45%","+150.95%","1.56","2.37","67.58%","53.49%","1.31",3822657.15431367,995233.576507941,1.56057294774705,67.5759625031468
"60 Months",1260,"MAX_POS=5, CAP=3",5,3,"8%",0.08,"$3822657.15","$995233.58","+228.45%","+150.95%","1.56","2.37","67.58%","53.49%","1.31",3822657.15431367,995233.576507941,1.56057294774705,67.5759625031468
"60 Months",1260,"MAX_POS=5, CAP=3",5,3,"10%",0.1,"$3822657.15","$995233.58","+228.45%","+150.95%","1.56","2.37","67.58%","53.49%","1.31",3822657.15431367,995233.576507941,1.56057294774705,67.5759625031468
"60 Months",1260,"MAX_POS=5, CAP=4",5,4,"5%",0.05,"$3826923.98","$989481.16","+228.53%","+150.66%","1.56","2.36","68.47%","53.57%","1.31",3826923.98136189,989481.164762044,1.55503652601616,68.4688120325638
"60 Months",1260,"MAX_POS=5, CAP=4",5,4,"8%",0.08,"$3826923.98","$989481.16","+228.53%","+150.66%","1.56","2.36","68.47%","53.57%","1.31",3826923.98136189,989481.164762044,1.55503652601616,68.4688120325638
"60 Months",1260,"MAX_POS=5, CAP=4",5,4,"10%",0.1,"$3826923.98","$989481.16","+228.53%","+150.66%","1.56","2.36","68.47%","53.57%","1.31",3826923.98136189,989481.164762044,1.55503652601616,68.4688120325638
"60 Months",1260,"MAX_POS=5, CAP=5",5,5,"5%",0.05,"$3803955.65","$979778.64","+228.13%","+150.16%","1.55","2.36","68.41%","53.65%","1.31",3803955.64576379,979778.64254211,1.55314783495535,68.4111134774329
"60 Months",1260,"MAX_POS=5, CAP=5",5,5,"8%",0.08,"$3803955.65","$979778.64","+228.13%","+150.16%","1.55","2.36","68.41%","53.65%","1.31",3803955.64576379,979778.64254211,1.55314783495535,68.4111134774329
"60 Months",1260,"MAX_POS=5, CAP=5",5,5,"10%",0.1,"$3803955.65","$979778.64","+228.13%","+150.16%","1.55","2.36","68.41%","53.65%","1.31",3803955.64576379,979778.64254211,1.55314783495535,68.4111134774329
"84 Months",1764,"MAX_POS=2, CAP=2",2,2,"5%",0.05,"$169950026.51","$21274289.84","+302.10%","+198.82%","1.59","2.47","68.96%","53.68%","1.33",169950026.506521,21274289.8434467,1.58568914362538,68.9601988788316
"84 Months",1764,"MAX_POS=2, CAP=2",2,2,"8%",0.08,"$169950026.51","$21274289.84","+302.10%","+198.82%","1.59","2.47","68.96%","53.68%","1.33",169950026.506521,21274289.8434467,1.58568914362538,68.9601988788316
"84 Months",1764,"MAX_POS=2, CAP=2",2,2,"10%",0.1,"$169950026.51","$21274289.84","+302.10%","+198.82%","1.59","2.47","68.96%","53.68%","1.33",169950026.506521,21274289.8434467,1.58568914362538,68.9601988788316
"84 Months",1764,"MAX_POS=3, CAP=2",3,2,"5%",0.05,"$213533081.37","$25296138.29","+315.43%","+206.30%","1.70","2.61","64.17%","54.08%","1.36",213533081.365978,25296138.2897921,1.70450414572672,64.1670934404695
"84 Months",1764,"MAX_POS=3, CAP=2",3,2,"8%",0.08,"$213533081.37","$25296138.29","+315.43%","+206.30%","1.70","2.61","64.17%","54.08%","1.36",213533081.365978,25296138.2897921,1.70450414572672,64.1670934404695
"84 Months",1764,"MAX_POS=3, CAP=2",3,2,"10%",0.1,"$213533081.37","$25296138.29","+315.43%","+206.30%","1.70","2.61","64.17%","54.08%","1.36",213533081.365978,25296138.2897921,1.70450414572672,64.1670934404695
"84 Months",1764,"MAX_POS=3, CAP=3",3,3,"5%",0.05,"$455340791.26","$47497078.53","+362.89%","+235.15%","1.80","2.77","64.06%","54.31%","1.38",455340791.262068,47497078.5312403,1.79973856960626,64.0638230858953
"84 Months",1764,"MAX_POS=3, CAP=3",3,3,"8%",0.08,"$455340791.26","$47497078.53","+362.89%","+235.15%","1.80","2.77","64.06%","54.31%","1.38",455340791.262068,47497078.5312403,1.79973856960626,64.0638230858953
"84 Months",1764,"MAX_POS=3, CAP=3",3,3,"10%",0.1,"$455340791.26","$47497078.53","+362.89%","+235.15%","1.80","2.77","64.06%","54.31%","1.38",455340791.262068,47497078.5312403,1.79973856960626,64.0638230858953
"84 Months",1764,"MAX_POS=4, CAP=2",4,2,"5%",0.05,"$82289847.57","$11103381.07","+262.52%","+172.31%","1.65","2.50","69.38%","53.51%","1.34",82289847.5672053,11103381.0687078,1.6486396048919,69.3803194355574
"84 Months",1764,"MAX_POS=4, CAP=2",4,2,"8%",0.08,"$82289847.57","$11103381.07","+262.52%","+172.31%","1.65","2.50","69.38%","53.51%","1.34",82289847.5672053,11103381.0687078,1.6486396048919,69.3803194355574
"84 Months",1764,"MAX_POS=4, CAP=2",4,2,"10%",0.1,"$82289847.57","$11103381.07","+262.52%","+172.31%","1.65","2.50","69.38%","53.51%","1.34",82289847.5672053,11103381.0687078,1.6486396048919,69.3803194355574
"84 Months",1764,"MAX_POS=4, CAP=3",4,3,"5%",0.05,"$219206005.32","$25648899.82","+316.99%","+206.91%","1.79","2.72","73.18%","53.63%","1.37",219206005.324123,25648899.8238417,1.78536444807312,73.176667094285
"84 Months",1764,"MAX_POS=4, CAP=3",4,3,"8%",0.08,"$219206005.32","$25648899.82","+316.99%","+206.91%","1.79","2.72","73.18%","53.63%","1.37",219206005.324123,25648899.8238417,1.78536444807312,73.176667094285
"84 Months",1764,"MAX_POS=4, CAP=3",4,3,"10%",0.1,"$219206005.32","$25648899.82","+316.99%","+206.91%","1.79","2.72","73.18%","53.63%","1.37",219206005.324123,25648899.8238417,1.78536444807312,73.176667094285
"84 Months",1764,"MAX_POS=4, CAP=4",4,4,"5%",0.05,"$215869663.77","$25079923.66","+316.07%","+205.93%","1.78","2.72","73.06%","53.57%","1.37",215869663.770957,25079923.6565461,1.78136783484896,73.0603901495124
"84 Months",1764,"MAX_POS=4, CAP=4",4,4,"8%",0.08,"$215869663.77","$25079923.66","+316.07%","+205.93%","1.78","2.72","73.06%","53.57%","1.37",215869663.770957,25079923.6565461,1.78136783484896,73.0603901495124
"84 Months",1764,"MAX_POS=4, CAP=4",4,4,"10%",0.1,"$215869663.77","$25079923.66","+316.07%","+205.93%","1.78","2.72","73.06%","53.57%","1.37",215869663.770957,25079923.6565461,1.78136783484896,73.0603901495124
"84 Months",1764,"MAX_POS=5, CAP=2",5,2,"5%",0.05,"$62722430.50","$8745527.76","+248.73%","+163.18%","1.66","2.49","67.63%","54.31%","1.34",62722430.5022135,8745527.76281904,1.66071686180269,67.6344186116848
"84 Months",1764,"MAX_POS=5, CAP=2",5,2,"8%",0.08,"$62722430.50","$8745527.76","+248.73%","+163.18%","1.66","2.49","67.63%","54.31%","1.34",62722430.5022135,8745527.76281904,1.66071686180269,67.6344186116848
"84 Months",1764,"MAX_POS=5, CAP=2",5,2,"10%",0.1,"$62722430.50","$8745527.76","+248.73%","+163.18%","1.66","2.49","67.63%","54.31%","1.34",62722430.5022135,8745527.76281904,1.66071686180269,67.6344186116848
"84 Months",1764,"MAX_POS=5, CAP=3",5,3,"5%",0.05,"$58507083.26","$8072846.61","+245.28%","+160.19%","1.63","2.45","67.58%","54.14%","1.33",58507083.2631422,8072846.60727593,1.63353360714508,67.5759625031468
"84 Months",1764,"MAX_POS=5, CAP=3",5,3,"8%",0.08,"$58507083.26","$8072846.61","+245.28%","+160.19%","1.63","2.45","67.58%","54.14%","1.33",58507083.2631422,8072846.60727593,1.63353360714508,67.5759625031468
"84 Months",1764,"MAX_POS=5, CAP=3",5,3,"10%",0.1,"$58507083.26","$8072846.61","+245.28%","+160.19%","1.63","2.45","67.58%","54.14%","1.33",58507083.2631422,8072846.60727593,1.63353360714508,67.5759625031468
"84 Months",1764,"MAX_POS=5, CAP=4",5,4,"5%",0.05,"$67544675.66","$9055304.86","+252.44%","+164.49%","1.65","2.48","68.47%","54.02%","1.34",67544675.6558549,9055304.8561887,1.65110459780634,68.4688120325638
"84 Months",1764,"MAX_POS=5, CAP=4",5,4,"8%",0.08,"$67544675.66","$9055304.86","+252.44%","+164.49%","1.65","2.48","68.47%","54.02%","1.34",67544675.6558549,9055304.8561887,1.65110459780634,68.4688120325638
"84 Months",1764,"MAX_POS=5, CAP=4",5,4,"10%",0.1,"$67544675.66","$9055304.86","+252.44%","+164.49%","1.65","2.48","68.47%","54.02%","1.34",67544675.6558549,9055304.8561887,1.65110459780634,68.4688120325638
"84 Months",1764,"MAX_POS=5, CAP=5",5,5,"5%",0.05,"$66419393.36","$8879993.85","+251.59%","+163.76%","1.65","2.48","68.41%","54.08%","1.34",66419393.3631807,8879993.84521664,1.64805560219326,68.4111134774329
"84 Months",1764,"MAX_POS=5, CAP=5",5,5,"8%",0.08,"$66419393.36","$8879993.85","+251.59%","+163.76%","1.65","2.48","68.41%","54.08%","1.34",66419393.3631807,8879993.84521664,1.64805560219326,68.4111134774329
"84 Months",1764,"MAX_POS=5, CAP=5",5,5,"10%",0.1,"$66419393.36","$8879993.85","+251.59%","+163.76%","1.65","2.48","68.41%","54.08%","1.34",66419393.3631807,8879993.84521664,1.64805560219326,68.4111134774329
"120 Months",2520,"MAX_POS=2, CAP=2",2,2,"5%",0.05,"$200396167.29","$23659535.55","+169.27%","+117.47%","1.31","1.99","72.33%","53.49%","1.27",200396167.292542,23659535.5472154,1.30682241301408,72.325724490653
"120 Months",2520,"MAX_POS=2, CAP=2",2,2,"8%",0.08,"$200396167.29","$23659535.55","+169.27%","+117.47%","1.31","1.99","72.33%","53.49%","1.27",200396167.292542,23659535.5472154,1.30682241301408,72.325724490653
"120 Months",2520,"MAX_POS=2, CAP=2",2,2,"10%",0.1,"$200396167.29","$23659535.55","+169.27%","+117.47%","1.31","1.99","72.33%","53.49%","1.27",200396167.292542,23659535.5472154,1.30682241301408,72.325724490653
"120 Months",2520,"MAX_POS=3, CAP=2",3,2,"5%",0.05,"$276061442.85","$29920599.51","+178.04%","+122.64%","1.40","2.11","66.72%","53.89%","1.29",276061442.853503,29920599.5061463,1.4005583386316,66.7222091951864
"120 Months",2520,"MAX_POS=3, CAP=2",3,2,"8%",0.08,"$276061442.85","$29920599.51","+178.04%","+122.64%","1.40","2.11","66.72%","53.89%","1.29",276061442.853503,29920599.5061463,1.4005583386316,66.7222091951864
"120 Months",2520,"MAX_POS=3, CAP=2",3,2,"10%",0.1,"$276061442.85","$29920599.51","+178.04%","+122.64%","1.40","2.11","66.72%","53.89%","1.29",276061442.853503,29920599.5061463,1.4005583386316,66.7222091951864
"120 Months",2520,"MAX_POS=3, CAP=3",3,3,"5%",0.05,"$567687729.73","$54840491.35","+198.82%","+136.54%","1.47","2.23","65.78%","53.97%","1.31",567687729.726754,54840491.3538963,1.47208907897612,65.7839959744807
"120 Months",2520,"MAX_POS=3, CAP=3",3,3,"8%",0.08,"$567687729.73","$54840491.35","+198.82%","+136.54%","1.47","2.23","65.78%","53.97%","1.31",567687729.726754,54840491.3538963,1.47208907897612,65.7839959744807
"120 Months",2520,"MAX_POS=3, CAP=3",3,3,"10%",0.1,"$567687729.73","$54840491.35","+198.82%","+136.54%","1.47","2.23","65.78%","53.97%","1.31",567687729.726754,54840491.3538963,1.47208907897612,65.7839959744807
"120 Months",2520,"MAX_POS=4, CAP=2",4,2,"5%",0.05,"$128045607.00","$14910490.80","+157.48%","+107.66%","1.37","2.05","69.38%","53.73%","1.28",128045607.003367,14910490.7985232,1.37209916156132,69.3803194355574
"120 Months",2520,"MAX_POS=4, CAP=2",4,2,"8%",0.08,"$128045607.00","$14910490.80","+157.48%","+107.66%","1.37","2.05","69.38%","53.73%","1.28",128045607.003367,14910490.7985232,1.37209916156132,69.3803194355574
"120 Months",2520,"MAX_POS=4, CAP=2",4,2,"10%",0.1,"$128045607.00","$14910490.80","+157.48%","+107.66%","1.37","2.05","69.38%","53.73%","1.28",128045607.003367,14910490.7985232,1.37209916156132,69.3803194355574
"120 Months",2520,"MAX_POS=4, CAP=3",4,3,"5%",0.05,"$321264068.71","$33084247.17","+182.28%","+124.89%","1.47","2.21","73.18%","53.89%","1.30",321264068.707004,33084247.1721404,1.47279049635265,73.176667094285
"120 Months",2520,"MAX_POS=4, CAP=3",4,3,"8%",0.08,"$321264068.71","$33084247.17","+182.28%","+124.89%","1.47","2.21","73.18%","53.89%","1.30",321264068.707004,33084247.1721404,1.47279049635265,73.176667094285
"120 Months",2520,"MAX_POS=4, CAP=3",4,3,"10%",0.1,"$321264068.71","$33084247.17","+182.28%","+124.89%","1.47","2.21","73.18%","53.89%","1.30",321264068.707004,33084247.1721404,1.47279049635265,73.176667094285
"120 Months",2520,"MAX_POS=4, CAP=4",4,4,"5%",0.05,"$319430088.50","$32574842.45","+182.12%","+124.54%","1.47","2.21","73.06%","53.89%","1.30",319430088.495298,32574842.4507061,1.47072761827118,73.0603901495124
"120 Months",2520,"MAX_POS=4, CAP=4",4,4,"8%",0.08,"$319430088.50","$32574842.45","+182.12%","+124.54%","1.47","2.21","73.06%","53.89%","1.30",319430088.495298,32574842.4507061,1.47072761827118,73.0603901495124
"120 Months",2520,"MAX_POS=4, CAP=4",4,4,"10%",0.1,"$319430088.50","$32574842.45","+182.12%","+124.54%","1.47","2.21","73.06%","53.89%","1.30",319430088.495298,32574842.4507061,1.47072761827118,73.0603901495124
"120 Months",2520,"MAX_POS=5, CAP=2",5,2,"5%",0.05,"$79135264.18","$10212244.79","+145.38%","+99.95%","1.36","2.02","67.63%","53.97%","1.28",79135264.1835638,10212244.7853042,1.3621118600959,67.6344186116848
"120 Months",2520,"MAX_POS=5, CAP=2",5,2,"8%",0.08,"$79135264.18","$10212244.79","+145.38%","+99.95%","1.36","2.02","67.63%","53.97%","1.28",79135264.1835638,10212244.7853042,1.3621118600959,67.6344186116848
"120 Months",2520,"MAX_POS=5, CAP=2",5,2,"10%",0.1,"$79135264.18","$10212244.79","+145.38%","+99.95%","1.36","2.02","67.63%","53.97%","1.28",79135264.1835638,10212244.7853042,1.3621118600959,67.6344186116848
"120 Months",2520,"MAX_POS=5, CAP=3",5,3,"5%",0.05,"$70022462.78","$9089389.47","+142.40%","+97.63%","1.34","1.98","67.58%","53.97%","1.27",70022462.7778839,9089389.47433853,1.33604698999562,67.5759625031468
"120 Months",2520,"MAX_POS=5, CAP=3",5,3,"8%",0.08,"$70022462.78","$9089389.47","+142.40%","+97.63%","1.34","1.98","67.58%","53.97%","1.27",70022462.7778839,9089389.47433853,1.33604698999562,67.5759625031468
"120 Months",2520,"MAX_POS=5, CAP=3",5,3,"10%",0.1,"$70022462.78","$9089389.47","+142.40%","+97.63%","1.34","1.98","67.58%","53.97%","1.27",70022462.7778839,9089389.47433853,1.33604698999562,67.5759625031468
"120 Months",2520,"MAX_POS=5, CAP=4",5,4,"5%",0.05,"$78559753.00","$9996341.46","+145.20%","+99.52%","1.35","2.00","68.47%","53.93%","1.27",78559753.0016283,9996341.46312389,1.34731941948047,68.4688120325638
"120 Months",2520,"MAX_POS=5, CAP=4",5,4,"8%",0.08,"$78559753.00","$9996341.46","+145.20%","+99.52%","1.35","2.00","68.47%","53.93%","1.27",78559753.0016283,9996341.46312389,1.34731941948047,68.4688120325638
"120 Months",2520,"MAX_POS=5, CAP=4",5,4,"10%",0.1,"$78559753.00","$9996341.46","+145.20%","+99.52%","1.35","2.00","68.47%","53.93%","1.27",78559753.0016283,9996341.46312389,1.34731941948047,68.4688120325638
"120 Months",2520,"MAX_POS=5, CAP=5",5,5,"5%",0.05,"$78728906.82","$9933988.35","+145.25%","+99.39%","1.35","2.00","68.41%","53.93%","1.27",78728906.8177352,9933988.35397432,1.34677636732451,68.4111134774329
"120 Months",2520,"MAX_POS=5, CAP=5",5,5,"8%",0.08,"$78728906.82","$9933988.35","+145.25%","+99.39%","1.35","2.00","68.41%","53.93%","1.27",78728906.8177352,9933988.35397432,1.34677636732451,68.4111134774329
"120 Months",2520,"MAX_POS=5, CAP=5",5,5,"10%",0.1,"$78728906.82","$9933988.35","+145.25%","+99.39%","1.35","2.00","68.41%","53.93%","1.27",78728906.8177352,9933988.35397432,1.34677636732451,68.4111134774329
