"Universe","Horizon","Hold_Days","Trading_Days","Terminal_Wealth","Cum_Return","Ann_Return","Volatility","Sharpe_Ratio","Sortino_Ratio","Max_Drawdown","Win_Rate","Profit_Factor","QQQ_Return","VTI_Return"
"Broad (symbols_broad.txt)","6 Months",5,126,"$17243.71","+72.44%","+197.35%","22.36%","4.99","9.42","5.88%","61.90%","2.18","+32.18%","+20.40%"
"All2 (symbols_all2.txt)","6 Months",5,126,"$15472.25","+54.72%","+139.39%","19.58%","4.56","9.05","3.87%","60.32%","2.14","+32.18%","+20.40%"
"300+ (symbols_300.txt)","6 Months",5,126,"$15694.86","+56.95%","+146.33%","20.17%","4.58","8.39","7.85%","61.90%","2.06","+32.18%","+20.40%"
"Focus (symbols.txt)","6 Months",5,126,"$16726.10","+67.26%","+179.76%","24.22%","4.38","7.70","10.68%","61.11%","2.01","+32.18%","+20.40%"
"Broad (symbols_broad.txt)","12 Months",5,252,"$27151.27","+171.51%","+171.51%","23.40%","4.39","8.14","6.87%","60.32%","2.03","+23.82%","+14.70%"
"All2 (symbols_all2.txt)","12 Months",5,252,"$25924.13","+159.24%","+159.24%","20.98%","4.65","8.83","6.88%","62.70%","2.18","+23.82%","+14.70%"
"300+ (symbols_300.txt)","12 Months",5,252,"$24291.52","+142.92%","+142.92%","21.33%","4.27","7.53","7.85%","59.92%","1.97","+23.82%","+14.70%"
"Focus (symbols.txt)","12 Months",5,252,"$21945.66","+119.46%","+119.46%","26.34%","3.12","5.17","10.68%","57.14%","1.67","+23.82%","+14.70%"
"Broad (symbols_broad.txt)","24 Months",5,504,"$55055.61","+450.56%","+134.64%","24.77%","3.57","6.30","14.08%","58.33%","1.81","+52.03%","+32.66%"
"All2 (symbols_all2.txt)","24 Months",5,504,"$52873.64","+428.74%","+129.94%","24.11%","3.58","6.23","16.61%","62.50%","1.87","+52.03%","+32.66%"
"300+ (symbols_300.txt)","24 Months",5,504,"$47703.98","+377.04%","+118.41%","22.16%","3.64","6.10","16.54%","60.71%","1.82","+52.03%","+32.66%"
"Focus (symbols.txt)","24 Months",5,504,"$31927.76","+219.28%","+78.68%","25.58%","2.40","3.80","22.43%","58.65%","1.51","+52.03%","+32.66%"
"Broad (symbols_broad.txt)","60 Months",5,1259,"$371428.50","+3614.28%","+106.17%","22.47%","3.34","5.71","14.08%","58.15%","1.74","+99.67%","+65.08%"
"All2 (symbols_all2.txt)","60 Months",5,1260,"$316207.27","+3062.07%","+99.52%","21.26%","3.36","5.73","16.61%","60.40%","1.77","+101.54%","+66.75%"
"300+ (symbols_300.txt)","60 Months",5,1260,"$279110.58","+2691.11%","+94.61%","20.67%","3.33","5.59","16.54%","59.29%","1.73","+101.54%","+66.75%"
"Focus (symbols.txt)","60 Months",5,1259,"$58534.29","+485.34%","+42.43%","26.20%","1.48","2.23","40.39%","55.01%","1.28","+99.67%","+65.08%"
"Broad (symbols_broad.txt)","6 Months",7,126,"$17404.64","+74.05%","+202.92%","21.15%","5.36","10.14","4.62%","64.29%","2.31","+32.18%","+20.40%"
"All2 (symbols_all2.txt)","6 Months",7,126,"$15317.24","+53.17%","+134.62%","18.17%","4.79","9.75","4.68%","61.11%","2.23","+32.18%","+20.40%"
"300+ (symbols_300.txt)","6 Months",7,126,"$14477.73","+44.78%","+109.60%","18.83%","4.03","7.18","5.87%","61.90%","1.93","+32.18%","+20.40%"
"Focus (symbols.txt)","6 Months",7,126,"$16122.80","+61.23%","+159.94%","23.84%","4.13","7.19","11.36%","61.90%","1.93","+32.18%","+20.40%"
"Broad (symbols_broad.txt)","12 Months",7,252,"$29537.87","+195.38%","+195.38%","22.12%","5.02","9.62","6.22%","63.49%","2.28","+23.82%","+14.70%"
"All2 (symbols_all2.txt)","12 Months",7,252,"$25075.92","+150.76%","+150.76%","20.06%","4.69","9.32","6.63%","60.32%","2.22","+23.82%","+14.70%"
"300+ (symbols_300.txt)","12 Months",7,252,"$23623.61","+136.24%","+136.24%","19.79%","4.45","8.32","5.87%","61.11%","2.08","+23.82%","+14.70%"
"Focus (symbols.txt)","12 Months",7,252,"$22453.43","+124.53%","+124.53%","25.32%","3.33","5.55","11.36%","59.13%","1.73","+23.82%","+14.70%"
"Broad (symbols_broad.txt)","24 Months",7,504,"$68768.38","+587.68%","+162.24%","22.68%","4.37","7.85","9.42%","60.52%","2.07","+52.03%","+32.66%"
"All2 (symbols_all2.txt)","24 Months",7,504,"$52708.69","+427.09%","+129.58%","22.32%","3.84","6.75","15.32%","60.44%","1.94","+52.03%","+32.66%"
"300+ (symbols_300.txt)","24 Months",7,504,"$44305.02","+343.05%","+110.49%","21.53%","3.57","6.18","15.70%","61.43%","1.84","+52.03%","+32.66%"
"Focus (symbols.txt)","24 Months",7,504,"$30145.08","+201.45%","+73.62%","25.11%","2.32","3.68","24.35%","59.16%","1.50","+52.03%","+32.66%"
"Broad (symbols_broad.txt)","60 Months",7,1259,"$450913.31","+4409.13%","+114.33%","21.12%","3.72","6.45","10.83%","58.80%","1.85","+99.67%","+65.08%"
"All2 (symbols_all2.txt)","60 Months",7,1260,"$294952.42","+2849.52%","+96.77%","20.02%","3.49","5.94","15.32%","59.41%","1.79","+101.54%","+66.75%"
"300+ (symbols_300.txt)","60 Months",7,1260,"$237824.83","+2278.25%","+88.47%","19.98%","3.28","5.53","15.70%","60.37%","1.73","+101.54%","+66.75%"
"Focus (symbols.txt)","60 Months",7,1259,"$55151.44","+451.51%","+40.74%","25.70%","1.46","2.19","37.64%","55.77%","1.28","+99.67%","+65.08%"
"Broad (symbols_broad.txt)","6 Months",10,126,"$17258.18","+72.58%","+197.84%","20.75%","5.37","10.40","4.62%","65.08%","2.34","+32.18%","+20.40%"
"All2 (symbols_all2.txt)","6 Months",10,126,"$15634.32","+56.34%","+144.43%","17.91%","5.09","10.33","4.68%","64.29%","2.39","+32.18%","+20.40%"
"300+ (symbols_300.txt)","6 Months",10,126,"$14486.01","+44.86%","+109.84%","18.46%","4.11","7.36","5.40%","61.90%","1.94","+32.18%","+20.40%"
"Focus (symbols.txt)","6 Months",10,126,"$15915.05","+59.15%","+153.29%","23.34%","4.10","7.21","10.65%","60.32%","1.92","+32.18%","+20.40%"
"Broad (symbols_broad.txt)","12 Months",10,252,"$27291.52","+172.92%","+172.92%","20.93%","4.91","9.29","5.39%","63.89%","2.22","+23.82%","+14.70%"
"All2 (symbols_all2.txt)","12 Months",10,252,"$25029.68","+150.30%","+150.30%","18.90%","4.96","9.78","6.63%","63.10%","2.31","+23.82%","+14.70%"
"300+ (symbols_300.txt)","12 Months",10,252,"$23064.95","+130.65%","+130.65%","19.22%","4.45","8.06","5.40%","61.11%","2.08","+23.82%","+14.70%"
"Focus (symbols.txt)","12 Months",10,252,"$20362.17","+103.62%","+103.62%","24.60%","3.02","4.85","10.65%","58.33%","1.64","+23.82%","+14.70%"
"Broad (symbols_broad.txt)","24 Months",10,504,"$60500.16","+505.00%","+145.97%","21.74%","4.26","7.62","9.91%","62.30%","2.03","+52.03%","+32.66%"
"All2 (symbols_all2.txt)","24 Months",10,504,"$53713.30","+437.13%","+131.76%","21.13%","4.09","7.11","15.19%","62.62%","2.03","+52.03%","+32.66%"
"300+ (symbols_300.txt)","24 Months",10,504,"$41894.97","+318.95%","+104.68%","20.65%","3.58","6.03","15.51%","61.63%","1.84","+52.03%","+32.66%"
"Focus (symbols.txt)","24 Months",10,504,"$28702.51","+187.03%","+69.42%","24.48%","2.28","3.55","21.38%","59.76%","1.48","+52.03%","+32.66%"
"Broad (symbols_broad.txt)","60 Months",10,1259,"$427000.80","+4170.01%","+112.00%","20.38%","3.79","6.55","10.43%","60.14%","1.88","+99.67%","+65.08%"
"All2 (symbols_all2.txt)","60 Months",10,1260,"$343958.04","+3339.58%","+102.91%","18.83%","3.86","6.68","15.19%","60.76%","1.92","+101.54%","+66.75%"
"300+ (symbols_300.txt)","60 Months",10,1260,"$228621.98","+2186.22%","+86.99%","19.02%","3.39","5.69","15.51%","59.97%","1.77","+101.54%","+66.75%"
"Focus (symbols.txt)","60 Months",10,1259,"$49093.61","+390.94%","+37.50%","24.87%","1.41","2.10","36.64%","55.53%","1.26","+99.67%","+65.08%"
"Broad (symbols_broad.txt)","6 Months",15,126,"$17123.73","+71.24%","+193.22%","19.71%","5.57","10.96","4.62%","65.87%","2.46","+32.18%","+20.40%"
"All2 (symbols_all2.txt)","6 Months",15,126,"$15807.01","+58.07%","+149.86%","17.18%","5.43","11.42","4.68%","63.49%","2.55","+32.18%","+20.40%"
"300+ (symbols_300.txt)","6 Months",15,126,"$14946.25","+49.46%","+123.39%","17.56%","4.67","8.46","5.40%","62.70%","2.16","+32.18%","+20.40%"
"Focus (symbols.txt)","6 Months",15,126,"$15790.86","+57.91%","+149.35%","23.32%","4.04","7.06","12.62%","62.70%","1.92","+32.18%","+20.40%"
"Broad (symbols_broad.txt)","12 Months",15,252,"$26375.26","+163.75%","+163.75%","20.09%","4.94","9.29","6.16%","62.70%","2.24","+23.82%","+14.70%"
"All2 (symbols_all2.txt)","12 Months",15,252,"$24531.16","+145.31%","+145.31%","18.45%","4.96","9.79","6.63%","62.30%","2.33","+23.82%","+14.70%"
"300+ (symbols_300.txt)","12 Months",15,252,"$23582.06","+135.82%","+135.82%","18.46%","4.75","8.84","5.40%","61.11%","2.21","+23.82%","+14.70%"
"Focus (symbols.txt)","12 Months",15,252,"$21919.81","+119.20%","+119.20%","23.75%","3.43","5.78","12.62%","59.52%","1.76","+23.82%","+14.70%"
"Broad (symbols_broad.txt)","24 Months",15,504,"$52620.58","+426.21%","+129.39%","20.58%","4.14","7.32","10.09%","60.12%","2.01","+52.03%","+32.66%"
"All2 (symbols_all2.txt)","24 Months",15,504,"$48648.94","+386.49%","+120.57%","20.71%","3.93","6.83","14.76%","60.44%","2.00","+52.03%","+32.66%"
"300+ (symbols_300.txt)","24 Months",15,504,"$41420.35","+314.20%","+103.52%","20.31%","3.61","6.17","14.48%","60.44%","1.89","+52.03%","+32.66%"
"Focus (symbols.txt)","24 Months",15,504,"$28342.15","+183.42%","+68.35%","23.92%","2.30","3.64","24.42%","59.76%","1.50","+52.03%","+32.66%"
"Broad (symbols_broad.txt)","60 Months",15,1259,"$328722.71","+3187.23%","+101.19%","19.29%","3.73","6.49","10.09%","58.63%","1.87","+99.67%","+65.08%"
"All2 (symbols_all2.txt)","60 Months",15,1260,"$247346.56","+2373.47%","+89.96%","18.30%","3.60","6.18","14.76%","59.81%","1.86","+101.54%","+66.75%"
"300+ (symbols_300.txt)","60 Months",15,1260,"$190382.35","+1803.82%","+80.27%","18.55%","3.27","5.49","14.48%","58.94%","1.75","+101.54%","+66.75%"
"Focus (symbols.txt)","60 Months",15,1259,"$47132.10","+371.32%","+36.39%","24.40%","1.39","2.10","37.12%","55.29%","1.27","+99.67%","+65.08%"
"Broad (symbols_broad.txt)","6 Months",20,126,"$16752.97","+67.53%","+180.66%","19.54%","5.39","10.68","4.62%","65.08%","2.42","+32.18%","+20.40%"
"All2 (symbols_all2.txt)","6 Months",20,126,"$15542.82","+55.43%","+141.58%","16.89%","5.32","11.24","4.68%","62.70%","2.50","+32.18%","+20.40%"
"300+ (symbols_300.txt)","6 Months",20,126,"$14631.43","+46.31%","+114.08%","17.24%","4.51","8.25","5.40%","61.11%","2.12","+32.18%","+20.40%"
"Focus (symbols.txt)","6 Months",20,126,"$15434.26","+54.34%","+138.22%","23.09%","3.88","6.71","12.58%","61.90%","1.87","+32.18%","+20.40%"
"Broad (symbols_broad.txt)","12 Months",20,252,"$25942.61","+159.43%","+159.43%","19.47%","5.00","9.59","5.67%","63.49%","2.27","+23.82%","+14.70%"
"All2 (symbols_all2.txt)","12 Months",20,252,"$24044.23","+140.44%","+140.44%","17.91%","4.99","9.97","6.63%","62.30%","2.33","+23.82%","+14.70%"
"300+ (symbols_300.txt)","12 Months",20,252,"$23129.13","+131.29%","+131.29%","17.96%","4.77","9.04","5.40%","61.90%","2.23","+23.82%","+14.70%"
"Focus (symbols.txt)","12 Months",20,252,"$20809.98","+108.10%","+108.10%","23.33%","3.26","5.42","12.58%","59.13%","1.72","+23.82%","+14.70%"
"Broad (symbols_broad.txt)","24 Months",20,504,"$51657.89","+416.58%","+127.28%","20.35%","4.14","7.31","10.86%","61.11%","2.02","+52.03%","+32.66%"
"All2 (symbols_all2.txt)","24 Months",20,504,"$47856.19","+378.56%","+118.76%","20.44%","3.94","6.82","15.64%","61.31%","2.01","+52.03%","+32.66%"
"300+ (symbols_300.txt)","24 Months",20,504,"$40837.91","+308.38%","+102.08%","19.92%","3.64","6.18","14.66%","61.51%","1.90","+52.03%","+32.66%"
"Focus (symbols.txt)","24 Months",20,504,"$28568.71","+185.69%","+69.02%","22.99%","2.40","3.81","21.05%","60.36%","1.53","+52.03%","+32.66%"
"Broad (symbols_broad.txt)","60 Months",20,1259,"$327457.85","+3174.58%","+101.04%","19.08%","3.76","6.58","10.86%","59.11%","1.89","+99.67%","+65.08%"
"All2 (symbols_all2.txt)","60 Months",20,1260,"$257035.68","+2470.36%","+91.43%","18.11%","3.68","6.32","15.64%","59.60%","1.89","+101.54%","+66.75%"
"300+ (symbols_300.txt)","60 Months",20,1260,"$200290.56","+1902.91%","+82.11%","18.18%","3.39","5.73","14.66%","59.52%","1.79","+101.54%","+66.75%"
"Focus (symbols.txt)","60 Months",20,1259,"$49726.84","+397.27%","+37.86%","23.87%","1.46","2.21","37.12%","55.85%","1.28","+99.67%","+65.08%"
