"Horizon","Max_Positions","Sector_Cap","Sizing_Mode","Trading_Days","Terminal_Wealth","Cum_Return","Ann_Return","Volatility","Sharpe_Ratio","Sortino_Ratio","Max_Drawdown","Win_Rate","Profit_Factor","Wealth_Num","Sharpe_Num","Max_DD_Num"
"2 Months",2,2,"vince",42,"$11668.85","+16.69%","+152.45%","41.62%","2.43","4.14","14.13%","47.62%","1.49",11668.8548275749,2.43080094870496,0.141305261478869
"6 Months",2,2,"vince",126,"$19684.16","+96.84%","+287.47%","50.99%","2.91","4.90","18.47%","57.14%","1.65",19684.1604825643,2.91348394160501,0.18474858823553
"12 Months",2,2,"vince",252,"$61817.83","+518.18%","+518.18%","61.96%","3.25","5.67","20.56%","57.14%","1.79",61817.8286156066,3.25481922487649,0.205617558790925
"24 Months",2,2,"vince",504,"$213115.36","+2031.15%","+361.64%","58.31%","2.92","5.12","33.15%","57.26%","1.72",213115.36018552,2.91679721041728,0.331482041403727
"60 Months",2,2,"vince",1259,"$2075974.46","+20659.74%","+190.95%","45.16%","2.59","4.48","33.15%","57.39%","1.65",2075974.45573062,2.59177886979296,0.331482041403727
"2 Months",2,2,"equal",42,"$11779.65","+17.80%","+167.17%","43.18%","2.49","4.09","15.96%","54.76%","1.53",11779.6457424952,2.49055680286111,0.15958938387987
"6 Months",2,2,"equal",126,"$18968.37","+89.68%","+259.80%","53.04%","2.68","4.31","23.16%","59.52%","1.60",18968.3732183017,2.68125786202669,0.231597098320822
"12 Months",2,2,"equal",252,"$61187.57","+511.88%","+511.88%","64.20%","3.15","5.39","23.16%","58.33%","1.75",61187.5720232885,3.14762469280379,0.231597098320822
"24 Months",2,2,"equal",504,"$270867.32","+2608.67%","+420.45%","59.68%","3.07","5.34","34.67%","59.64%","1.75",270867.315744696,3.06621744807057,0.346745379128688
"60 Months",2,2,"equal",1259,"$2270186.27","+22601.86%","+196.20%","47.58%","2.52","4.26","34.67%","57.55%","1.61",2270186.26826005,2.52161725002072,0.346745379128689
"2 Months",3,2,"vince",42,"$13084.25","+30.84%","+401.76%","39.78%","4.26","7.61","10.56%","54.76%","2.04",13084.2473743365,4.26039196881249,0.105584854926269
"6 Months",3,2,"vince",126,"$27830.41","+178.30%","+674.53%","48.05%","4.51","8.52","12.82%","61.90%","2.15",27830.4148478197,4.51224388984197,0.128239310895593
"12 Months",3,2,"vince",252,"$67477.09","+574.77%","+574.77%","50.06%","4.07","7.40","13.46%","62.30%","2.00",67477.0857764841,4.07444659702875,0.134580766513832
"24 Months",3,2,"vince",504,"$205079.38","+1950.79%","+352.86%","48.88%","3.34","6.03","28.01%","61.83%","1.82",205079.381267893,3.33883573435413,0.280123445466523
"60 Months",3,2,"vince",1259,"$1432948.35","+14229.48%","+170.14%","36.39%","2.92","5.15","28.01%","58.45%","1.73",1432948.34610985,2.91521486878384,0.280123445466523
"2 Months",3,2,"equal",42,"$12565.37","+25.65%","+293.60%","40.08%","3.62","6.00","12.29%","59.52%","1.82",12565.3709044909,3.62295990884279,0.122905930233825
"6 Months",3,2,"equal",126,"$25567.28","+155.67%","+553.69%","49.75%","4.03","7.08","15.26%","62.70%","1.98",25567.2766117167,4.03134330110343,0.15261111317261
"12 Months",3,2,"equal",252,"$64653.64","+546.54%","+546.54%","54.87%","3.68","6.38","15.43%","61.51%","1.86",64653.6425117838,3.68456250968642,0.154277538980141
"24 Months",3,2,"equal",504,"$279181.72","+2691.82%","+428.38%","51.61%","3.49","6.20","30.94%","61.23%","1.84",279181.723076139,3.48978884020696,0.309408750990256
"60 Months",3,2,"equal",1259,"$1912970.93","+19029.71%","+186.22%","39.96%","2.83","4.87","30.94%","58.13%","1.67",1912970.92982973,2.83452581910898,0.309408750990256
"2 Months",3,3,"vince",42,"$11590.19","+15.90%","+142.41%","38.77%","2.48","3.92","14.28%","59.52%","1.51",11590.1924558353,2.47654222897319,0.142830206018813
"6 Months",3,3,"vince",126,"$25556.68","+155.57%","+553.14%","47.53%","4.19","7.76","14.28%","64.29%","2.04",25556.6766695795,4.19452805713229,0.142830206018813
"12 Months",3,3,"vince",252,"$58924.30","+489.24%","+489.24%","49.30%","3.85","6.89","14.28%","63.49%","1.92",58924.3039472911,3.85249698063978,0.142830206018813
"24 Months",3,3,"vince",504,"$171517.76","+1615.18%","+314.15%","49.31%","3.13","5.46","28.71%","62.03%","1.76",171517.764955686,3.13244483763238,0.287050181509141
"60 Months",3,3,"vince",1259,"$1225351.22","+12153.51%","+161.81%","36.68%","2.81","4.85","28.71%","58.34%","1.69",1225351.2184552,2.81003546882838,0.287050181509142
"2 Months",3,3,"equal",42,"$11532.87","+15.33%","+135.30%","40.12%","2.33","3.62","15.89%","59.52%","1.47",11532.8742721735,2.33227080037654,0.158890639954011
"6 Months",3,3,"equal",126,"$23999.66","+140.00%","+475.98%","49.70%","3.78","6.55","15.89%","63.49%","1.90",23999.6616716218,3.77846553265763,0.158890639954011
"12 Months",3,3,"equal",252,"$58014.29","+480.14%","+480.14%","54.37%","3.51","6.01","15.89%","62.30%","1.80",58014.2910654328,3.51275726329101,0.158890639954011
"24 Months",3,3,"equal",504,"$257314.82","+2473.15%","+407.26%","51.58%","3.41","5.98","32.34%","62.03%","1.81",257314.818031755,3.41241452541806,0.323376629529635
"60 Months",3,3,"equal",1259,"$1770841.33","+17608.41%","+181.83%","40.05%","2.79","4.75","32.34%","58.18%","1.66",1770841.32810834,2.79023064340373,0.323376629529635
"2 Months",4,2,"vince",42,"$12321.70","+23.22%","+249.96%","36.22%","3.64","6.51","10.43%","54.76%","1.76",12321.6992458318,3.6425696825715,0.104259966998976
"6 Months",4,2,"vince",126,"$23792.82","+137.93%","+466.10%","44.35%","4.14","7.74","12.01%","61.11%","1.97",23792.8237292535,4.13899001255525,0.12013287799456
"12 Months",4,2,"vince",252,"$50943.72","+409.44%","+409.44%","44.40%","3.90","7.12","13.94%","60.71%","1.91",50943.7169418742,3.89691160603708,0.139428483649444
"24 Months",4,2,"vince",504,"$140939.73","+1309.40%","+275.42%","43.41%","3.27","5.85","24.59%","59.52%","1.77",140939.733927121,3.26859474018313,0.245906374254227
"60 Months",4,2,"vince",1259,"$853378.81","+8433.79%","+143.52%","32.40%","2.91","5.09","24.59%","57.96%","1.70",853378.809473076,2.91169226244923,0.245906374254227
"2 Months",4,2,"equal",42,"$11827.90","+18.28%","+173.81%","37.03%","2.91","4.69","12.57%","54.76%","1.57",11827.9001889532,2.90577437207299,0.125716273509654
"6 Months",4,2,"equal",126,"$22638.92","+126.39%","+412.52%","46.38%","3.76","6.69","12.86%","61.11%","1.86",22638.9230797605,3.76207039589539,0.128567220511265
"12 Months",4,2,"equal",252,"$50057.50","+400.57%","+400.57%","48.86%","3.55","6.21","16.77%","59.92%","1.80",50057.4956091722,3.5478403607872,0.167726138603658
"24 Months",4,2,"equal",504,"$193199.81","+1832.00%","+339.54%","47.18%","3.38","6.05","29.69%","59.33%","1.79",193199.80620929,3.37937490032233,0.296883691686471
"60 Months",4,2,"equal",1259,"$1284408.82","+12744.09%","+164.29%","36.21%","2.87","4.97","29.69%","57.56%","1.67",1284408.82090332,2.86770957421085,0.296883691686472
"2 Months",4,3,"vince",42,"$11883.60","+18.84%","+181.64%","35.80%","3.07","4.97","11.20%","57.14%","1.62",11883.6002409825,3.07254064857546,0.112027278086551
"6 Months",4,3,"vince",126,"$28185.32","+181.85%","+694.41%","47.28%","4.63","9.30","13.10%","61.90%","2.22",28185.3165629797,4.63127049893,0.131038484289106
"12 Months",4,3,"vince",252,"$58799.36","+487.99%","+487.99%","46.24%","4.07","7.65","13.94%","61.90%","2.01",58799.3630007546,4.07143459200704,0.139428483649444
"24 Months",4,3,"vince",504,"$154762.61","+1447.63%","+293.40%","44.65%","3.30","5.91","23.57%","60.52%","1.81",154762.607524862,3.29532705672683,0.235728429479884
"60 Months",4,3,"vince",1259,"$886779.32","+8767.79%","+145.40%","33.22%","2.87","5.00","23.57%","58.20%","1.71",886779.32011832,2.87140335942809,0.235728429479884
"2 Months",4,3,"equal",42,"$11530.39","+15.30%","+135.00%","36.72%","2.51","3.84","13.50%","54.76%","1.48",11530.392492418,2.51021781244524,0.134953717468379
"6 Months",4,3,"equal",126,"$26779.16","+167.79%","+617.12%","49.81%","4.21","8.03","13.50%","61.11%","2.06",26779.155982375,4.21311692503435,0.134953717468379
"12 Months",4,3,"equal",252,"$58096.66","+480.97%","+480.97%","50.63%","3.74","6.71","16.77%","60.71%","1.88",58096.6648191406,3.73637377883787,0.167726138603658
"24 Months",4,3,"equal",504,"$221385.94","+2113.86%","+370.52%","47.95%","3.48","6.29","26.73%","59.92%","1.84",221385.935760192,3.47513705754289,0.267307929997752
"60 Months",4,3,"equal",1259,"$1499171.35","+14891.71%","+172.59%","36.81%","2.91","5.07","26.73%","57.88%","1.69",1499171.35498438,2.91170404524567,0.267307929997752
"2 Months",4,4,"vince",42,"$11848.93","+18.49%","+176.74%","31.54%","3.39","5.66","7.37%","59.52%","1.68",11848.9339464626,3.38797404075322,0.0736790932297493
"6 Months",4,4,"vince",126,"$28038.29","+180.38%","+686.15%","46.28%","4.70","9.63","13.10%","61.90%","2.25",28038.2944937318,4.69836511654553,0.131038484289106
"12 Months",4,4,"vince",252,"$58454.52","+484.55%","+484.55%","45.75%","4.10","7.76","13.94%","61.90%","2.02",58454.5237449223,4.09760409471633,0.139428483649444
"24 Months",4,4,"vince",504,"$154979.01","+1449.79%","+293.67%","44.45%","3.31","5.96","23.57%","59.92%","1.82",154979.013055981,3.31009354499513,0.235728429479884
"60 Months",4,4,"vince",1259,"$916663.95","+9066.64%","+147.03%","33.16%","2.90","5.04","23.57%","58.01%","1.71",916663.946852158,2.8958374179703,0.235728429479884
"2 Months",4,4,"equal",42,"$11447.04","+14.47%","+124.99%","34.07%","2.55","3.99","11.09%","57.14%","1.49",11447.0412420505,2.55026443819982,0.110851544223358
"6 Months",4,4,"equal",126,"$26600.76","+166.01%","+607.60%","49.18%","4.23","8.17","13.37%","61.11%","2.08",26600.7571425518,4.23316432881883,0.133729487078767
"12 Months",4,4,"equal",252,"$57148.75","+471.49%","+471.49%","50.39%","3.72","6.71","16.77%","60.32%","1.87",57148.7523848604,3.71859551624496,0.167726138603658
"24 Months",4,4,"equal",504,"$220086.82","+2100.87%","+369.13%","47.88%","3.47","6.31","26.48%","59.52%","1.84",220086.824141331,3.47348588785698,0.264789484663372
"60 Months",4,4,"equal",1259,"$1559745.04","+15497.45%","+174.76%","36.87%","2.93","5.10","26.48%","57.85%","1.70",1559745.0380631,2.92910089784127,0.264789484663372
"2 Months",5,2,"vince",42,"$12637.67","+26.38%","+307.38%","32.81%","4.45","8.56","8.83%","64.29%","2.03",12637.6725800166,4.45189663928458,0.0883211828060586
"6 Months",5,2,"vince",126,"$23520.44","+135.20%","+453.21%","42.02%","4.29","8.07","12.49%","59.52%","2.05",23520.4374381173,4.29042646830576,0.124915012030701
"12 Months",5,2,"vince",252,"$47481.39","+374.81%","+374.81%","42.28%","3.90","7.13","12.49%","60.32%","1.92",47481.3854486464,3.90378009858484,0.124915012030701
"24 Months",5,2,"vince",504,"$143061.10","+1330.61%","+278.23%","39.82%","3.55","6.54","16.59%","59.92%","1.86",143061.101501594,3.54572642132264,0.165869432099288
"60 Months",5,2,"vince",1259,"$696362.73","+6863.63%","+133.81%","29.80%","3.00","5.34","16.59%","58.44%","1.71",696362.72768663,3.00167437370645,0.165869432099288
"2 Months",5,2,"equal",42,"$12125.99","+21.26%","+217.91%","33.77%","3.60","6.16","10.57%","59.52%","1.76",12125.9935617755,3.59667671838904,0.105689549272722
"6 Months",5,2,"equal",126,"$22949.46","+129.49%","+426.68%","44.15%","3.99","7.19","13.88%","57.94%","1.94",22949.459436018,3.99212710805365,0.138793911179392
"12 Months",5,2,"equal",252,"$47896.09","+378.96%","+378.96%","45.88%","3.65","6.44","13.88%","59.13%","1.83",47896.0882846611,3.6508749277832,0.138793911179392
"24 Months",5,2,"equal",504,"$182031.01","+1720.31%","+326.65%","43.46%","3.56","6.48","25.01%","59.72%","1.84",182031.006133928,3.56210600455241,0.250104644492114
"60 Months",5,2,"equal",1259,"$1013591.03","+10035.91%","+152.05%","33.47%","2.93","5.13","25.01%","57.56%","1.67",1013591.02984696,2.93276905845996,0.250104644492113
"2 Months",5,3,"vince",42,"$11541.07","+15.41%","+136.31%","32.39%","2.82","4.43","10.72%","59.52%","1.54",11541.0717685318,2.81795505265385,0.107185959521192
"6 Months",5,3,"vince",126,"$23752.45","+137.52%","+464.18%","43.77%","4.18","7.73","11.85%","61.90%","1.99",23752.4484025343,4.18106940917427,0.118483842738122
"12 Months",5,3,"vince",252,"$50562.77","+405.63%","+405.63%","42.27%","4.05","7.46","11.85%","60.71%","1.96",50562.77276333,4.05453863278963,0.118483842738122
"24 Months",5,3,"vince",504,"$126361.24","+1163.61%","+255.47%","40.06%","3.37","5.99","24.19%","59.33%","1.81",126361.235685443,3.37139363938566,0.241935541570899
"60 Months",5,3,"vince",1259,"$636832.80","+6268.33%","+129.66%","30.06%","2.92","5.04","24.19%","58.60%","1.69",636832.795431735,2.91889953604059,0.241935541570899
"2 Months",5,3,"equal",42,"$11195.21","+11.95%","+96.88%","34.06%","2.16","3.18","13.11%","59.52%","1.41",11195.2076620131,2.15846555065213,0.131059140129237
"6 Months",5,3,"equal",126,"$22982.41","+129.82%","+428.19%","47.17%","3.77","6.73","13.11%","59.52%","1.87",22982.4143460474,3.7714096994035,0.131059140129237
"12 Months",5,3,"equal",252,"$51455.66","+414.56%","+414.56%","46.99%","3.73","6.62","13.24%","59.52%","1.86",51455.6563764247,3.72921006604136,0.132395486004587
"24 Months",5,3,"equal",504,"$177068.69","+1670.69%","+320.80%","44.21%","3.48","6.22","26.94%","59.92%","1.82",177068.691539594,3.47790469861763,0.269430585029976
"60 Months",5,3,"equal",1259,"$1068216.84","+10582.17%","+154.71%","34.02%","2.92","5.07","26.94%","58.04%","1.68",1068216.83509332,2.92196140493175,0.269430585029976
"2 Months",5,4,"vince",42,"$12425.07","+24.25%","+267.95%","28.44%","4.73","8.26","5.13%","64.29%","2.04",12425.0734782896,4.73048455544383,0.0513350803602656
"6 Months",5,4,"vince",126,"$26117.53","+161.18%","+582.13%","43.14%","4.68","9.05","12.24%","63.49%","2.18",26117.5287536423,4.67794703205362,0.122374966068845
"12 Months",5,4,"vince",252,"$57827.82","+478.28%","+478.28%","42.06%","4.39","8.31","12.24%","61.11%","2.08",57827.8214752801,4.39361187307771,0.122374966068845
"24 Months",5,4,"vince",504,"$143603.54","+1336.04%","+278.95%","39.95%","3.54","6.40","24.19%","58.73%","1.87",143603.544823335,3.54051700856184,0.241935541570898
"60 Months",5,4,"vince",1259,"$759128.48","+7491.28%","+137.88%","30.01%","3.04","5.31","24.19%","57.96%","1.74",759128.478785976,3.04095786006124,0.241935541570898
"2 Months",5,4,"equal",42,"$12102.24","+21.02%","+214.19%","31.70%","3.77","6.02","9.62%","64.29%","1.79",12102.2422479381,3.77422598157314,0.0961577260024313
"6 Months",5,4,"equal",126,"$25200.05","+152.00%","+535.04%","46.43%","4.22","7.76","12.46%","63.49%","2.03",25200.0472694459,4.22331227619761,0.124627300162291
"12 Months",5,4,"equal",252,"$57528.70","+475.29%","+475.29%","46.71%","3.99","7.19","13.24%","61.51%","1.95",57528.6965539692,3.98877826354764,0.132395486004587
"24 Months",5,4,"equal",504,"$204682.47","+1946.82%","+352.42%","44.04%","3.65","6.66","24.29%","60.52%","1.87",204682.470640147,3.65436409565604,0.242865030797598
"60 Months",5,4,"equal",1259,"$1297778.54","+12877.79%","+164.84%","34.00%","3.04","5.31","24.29%","58.36%","1.72",1297778.54412552,3.0381325057301,0.242865030797598
"2 Months",5,5,"vince",42,"$12678.97","+26.79%","+315.44%","27.98%","5.24","9.52","3.67%","64.29%","2.20",12678.9669073683,5.24084404655588,0.0367023729096779
"6 Months",5,5,"vince",126,"$26546.55","+165.47%","+604.72%","43.01%","4.77","9.28","12.24%","63.49%","2.22",26546.5460186685,4.76769436567154,0.122374966068845
"12 Months",5,5,"vince",252,"$58374.19","+483.74%","+483.74%","42.03%","4.42","8.37","12.24%","61.11%","2.09",58374.1923531253,4.4191616457017,0.122374966068845
"24 Months",5,5,"vince",504,"$142492.26","+1324.92%","+277.48%","39.95%","3.53","6.39","24.19%","58.53%","1.86",142492.257073326,3.53071477189497,0.241935541570898
"60 Months",5,5,"vince",1259,"$759609.43","+7496.09%","+137.91%","30.04%","3.04","5.31","24.19%","57.64%","1.74",759609.426089115,3.03925602852401,0.241935541570899
"2 Months",5,5,"equal",42,"$12452.95","+24.53%","+272.94%","30.98%","4.41","7.40","7.99%","64.29%","1.95",12452.951870846,4.41062999282391,0.0798945295795535
"6 Months",5,5,"equal",126,"$25827.32","+158.27%","+567.05%","46.22%","4.35","8.07","12.46%","63.49%","2.07",25827.3240690443,4.34707020338625,0.124627300162291
"12 Months",5,5,"equal",252,"$58478.35","+484.78%","+484.78%","46.64%","4.03","7.29","13.24%","61.51%","1.96",58478.3457488218,4.02973322233089,0.132395486004587
"24 Months",5,5,"equal",504,"$204536.36","+1945.36%","+352.26%","44.07%","3.65","6.66","24.29%","60.32%","1.87",204536.364279861,3.65157101076112,0.242865030797598
"60 Months",5,5,"equal",1259,"$1292519.59","+12825.20%","+164.62%","34.03%","3.03","5.31","24.29%","58.20%","1.71",1292519.59365123,3.03321436784098,0.242865030797598
