"Horizon","Trading_Days","Configuration","Max_Positions","Sector_Cap","Sizing_Mode","QQQ_PreTax_Wealth","QQQ_AfterTax_Wealth","QQQ_AfterTax_AnnRet","QQQ_Sharpe","QQQ_MaxDD","QLD_PreTax_Wealth","QLD_AfterTax_Wealth","QLD_AfterTax_AnnRet","QLD_Sharpe","QLD_MaxDD","Delta_Wealth_Num","Delta_Sharpe","Delta_MaxDD","QQQ_Wealth_Num","QLD_Wealth_Num"
"2 Months",42,"MAX_POS=2, CAP=2",2,2,"vince","$13426.82","$12158.90","+223.12%","1.77","26.13%","$13426.82","$12158.90","+223.12%","1.77","26.13%",0,0,0,12158.8953052203,12158.8953052203
"2 Months",42,"MAX_POS=3, CAP=2",3,2,"vince","$13729.66","$12349.69","+254.76%","1.82","20.24%","$13729.66","$12349.69","+254.76%","1.82","20.24%",0,0,0,12349.6888554744,12349.6888554744
"2 Months",42,"MAX_POS=3, CAP=3",3,3,"vince","$13729.66","$12349.69","+254.76%","1.82","20.24%","$13729.66","$12349.69","+254.76%","1.82","20.24%",0,0,0,12349.6888554744,12349.6888554744
"2 Months",42,"MAX_POS=4, CAP=2",4,2,"vince","$12913.42","$11835.45","+174.86%","1.56","23.78%","$12913.42","$11835.45","+174.86%","1.56","23.78%",0,0,0,11835.4545128059,11835.4545128059
"2 Months",42,"MAX_POS=4, CAP=3",4,3,"vince","$12972.41","$11872.62","+180.08%","1.58","23.78%","$12972.41","$11872.62","+180.08%","1.58","23.78%",0,0,0,11872.6178546788,11872.6178546788
"2 Months",42,"MAX_POS=4, CAP=4",4,4,"vince","$12972.41","$11872.62","+180.08%","1.58","23.78%","$12972.41","$11872.62","+180.08%","1.58","23.78%",0,0,0,11872.6178546788,11872.6178546788
"2 Months",42,"MAX_POS=5, CAP=2",5,2,"vince","$12004.26","$11262.68","+104.10%","1.25","22.73%","$12004.26","$11262.68","+104.10%","1.25","22.73%",0,0,0,11262.6808789313,11262.6808789313
"2 Months",42,"MAX_POS=5, CAP=3",5,3,"vince","$12290.18","$11442.81","+124.49%","1.39","22.72%","$12290.18","$11442.81","+124.49%","1.39","22.72%",0,0,0,11442.8117816421,11442.8117816421
"2 Months",42,"MAX_POS=5, CAP=4",5,4,"vince","$12322.27","$11463.03","+126.88%","1.40","22.72%","$12322.27","$11463.03","+126.88%","1.40","22.72%",0,0,0,11463.0307521592,11463.0307521592
"2 Months",42,"MAX_POS=5, CAP=5",5,5,"vince","$12322.27","$11463.03","+126.88%","1.40","22.72%","$12322.27","$11463.03","+126.88%","1.40","22.72%",0,0,0,11463.0307521592,11463.0307521592
"6 Months",126,"MAX_POS=2, CAP=2",2,2,"vince","$29822.67","$22488.28","+405.72%","1.85","39.45%","$29822.67","$22488.28","+405.72%","1.85","39.45%",0,0,0,22488.2792492833,22488.2792492833
"6 Months",126,"MAX_POS=3, CAP=2",3,2,"vince","$37554.08","$27359.07","+648.52%","2.28","36.51%","$37554.08","$27359.07","+648.52%","2.28","36.51%",0,0,0,27359.0731375366,27359.0731375366
"6 Months",126,"MAX_POS=3, CAP=3",3,3,"vince","$37142.06","$27099.50","+634.38%","2.27","32.71%","$37142.06","$27099.50","+634.38%","2.27","32.71%",0,0,0,27099.4990608838,27099.4990608838
"6 Months",126,"MAX_POS=4, CAP=2",4,2,"vince","$23065.36","$18231.18","+232.38%","1.63","43.01%","$23065.36","$18231.18","+232.38%","1.63","43.01%",0,0,0,18231.176881855,18231.176881855
"6 Months",126,"MAX_POS=4, CAP=3",4,3,"vince","$24560.63","$19173.20","+267.61%","1.71","43.56%","$24560.63","$19173.20","+267.61%","1.71","43.56%",0,0,0,19173.1966905992,19173.1966905992
"6 Months",126,"MAX_POS=4, CAP=4",4,4,"vince","$24560.63","$19173.20","+267.61%","1.71","43.56%","$24560.63","$19173.20","+267.61%","1.71","43.56%",0,0,0,19173.1966905992,19173.1966905992
"6 Months",126,"MAX_POS=5, CAP=2",5,2,"vince","$20589.66","$16671.48","+177.94%","1.50","42.63%","$20589.66","$16671.48","+177.94%","1.50","42.63%",0,0,0,16671.4842296473,16671.4842296473
"6 Months",126,"MAX_POS=5, CAP=3",5,3,"vince","$23441.57","$18468.19","+241.07%","1.68","45.06%","$23441.57","$18468.19","+241.07%","1.68","45.06%",0,0,0,18468.1913130722,18468.1913130722
"6 Months",126,"MAX_POS=5, CAP=4",5,4,"vince","$22186.95","$17677.78","+212.50%","1.59","45.06%","$22186.95","$17677.78","+212.50%","1.59","45.06%",0,0,0,17677.7813426005,17677.7813426005
"6 Months",126,"MAX_POS=5, CAP=5",5,5,"vince","$22186.95","$17677.78","+212.50%","1.59","45.06%","$22186.95","$17677.78","+212.50%","1.59","45.06%",0,0,0,17677.7813426005,17677.7813426005
"12 Months",252,"MAX_POS=2, CAP=2",2,2,"vince","$199100.92","$104099.76","+941.00%","2.38","41.50%","$199100.92","$104099.76","+941.00%","2.38","41.50%",0,0,0,104099.76492439,104099.76492439
"12 Months",252,"MAX_POS=3, CAP=2",3,2,"vince","$255083.14","$135093.13","+1250.93%","2.79","38.71%","$255083.14","$135093.13","+1250.93%","2.79","38.71%",0,0,0,135093.134611792,135093.134611792
"12 Months",252,"MAX_POS=3, CAP=3",3,3,"vince","$342445.14","$171272.07","+1612.72%","2.97","36.65%","$342445.14","$171272.07","+1612.72%","2.97","36.65%",0,0,0,171272.07424001,171272.07424001
"12 Months",252,"MAX_POS=4, CAP=2",4,2,"vince","$133307.12","$74563.41","+645.63%","2.37","45.70%","$133307.12","$74563.41","+645.63%","2.37","45.70%",0,0,0,74563.40638094,74563.40638094
"12 Months",252,"MAX_POS=4, CAP=3",4,3,"vince","$163970.12","$88594.95","+785.95%","2.51","46.29%","$163970.12","$88594.95","+785.95%","2.51","46.29%",0,0,0,88594.9536377855,88594.9536377855
"12 Months",252,"MAX_POS=4, CAP=4",4,4,"vince","$173012.12","$92475.08","+824.75%","2.55","46.29%","$173012.12","$92475.08","+824.75%","2.55","46.29%",0,0,0,92475.0787190025,92475.0787190025
"12 Months",252,"MAX_POS=5, CAP=2",5,2,"vince","$100944.04","$57755.41","+477.55%","2.22","48.05%","$100944.04","$57755.41","+477.55%","2.22","48.05%",0,0,0,57755.4078607283,57755.4078607283
"12 Months",252,"MAX_POS=5, CAP=3",5,3,"vince","$114510.75","$64534.59","+545.35%","2.32","49.61%","$114510.75","$64534.59","+545.35%","2.32","49.61%",0,0,0,64534.5937693929,64534.5937693929
"12 Months",252,"MAX_POS=5, CAP=4",5,4,"vince","$107834.99","$61170.80","+511.71%","2.27","49.21%","$107834.99","$61170.80","+511.71%","2.27","49.21%",0,0,0,61170.7971310889,61170.7971310889
"12 Months",252,"MAX_POS=5, CAP=5",5,5,"vince","$107834.99","$61170.80","+511.71%","2.27","49.21%","$107834.99","$61170.80","+511.71%","2.27","49.21%",0,0,0,61170.7971310889,61170.7971310889
"24 Months",504,"MAX_POS=2, CAP=2",2,2,"vince","$732983.72","$278943.53","+428.15%","1.94","65.03%","$732983.72","$278943.53","+428.15%","1.94","65.03%",0,0,0,278943.529052637,278943.529052637
"24 Months",504,"MAX_POS=3, CAP=2",3,2,"vince","$880681.59","$341367.24","+484.27%","2.17","59.46%","$880681.59","$341367.24","+484.27%","2.17","59.46%",0,0,0,341367.244827432,341367.244827432
"24 Months",504,"MAX_POS=3, CAP=3",3,3,"vince","$1372006.62","$500503.94","+607.46%","2.33","58.28%","$1372006.62","$500503.94","+607.46%","2.33","58.28%",0,0,0,500503.941373411,500503.941373411
"24 Months",504,"MAX_POS=4, CAP=2",4,2,"vince","$287392.60","$129261.63","+259.53%","1.81","64.33%","$287392.60","$129261.63","+259.53%","1.81","64.33%",0,0,0,129261.627619787,129261.627619787
"24 Months",504,"MAX_POS=4, CAP=3",4,3,"vince","$557334.08","$221748.82","+370.90%","2.05","69.85%","$557334.08","$221748.82","+370.90%","2.05","69.85%",0,0,0,221748.816131337,221748.816131337
"24 Months",504,"MAX_POS=4, CAP=4",4,4,"vince","$515702.54","$207756.76","+355.80%","2.01","69.46%","$515702.54","$207756.76","+355.80%","2.01","69.46%",0,0,0,207756.756375276,207756.756375276
"24 Months",504,"MAX_POS=5, CAP=2",5,2,"vince","$205756.49","$95770.88","+209.47%","1.71","60.08%","$205756.49","$95770.88","+209.47%","1.71","60.08%",0,0,0,95770.8797648542,95770.8797648542
"24 Months",504,"MAX_POS=5, CAP=3",5,3,"vince","$322729.69","$138233.66","+271.80%","1.89","63.07%","$322729.69","$138233.66","+271.80%","1.89","63.07%",0,0,0,138233.655271047,138233.655271047
"24 Months",504,"MAX_POS=5, CAP=4",5,4,"vince","$305977.12","$131881.97","+263.16%","1.85","64.39%","$305977.12","$131881.97","+263.16%","1.85","64.39%",0,0,0,131881.969039166,131881.969039166
"24 Months",504,"MAX_POS=5, CAP=5",5,5,"vince","$309936.95","$133074.78","+264.79%","1.86","64.22%","$309936.95","$133074.78","+264.79%","1.86","64.22%",0,0,0,133074.782529403,133074.782529403
"60 Months",1260,"MAX_POS=2, CAP=2",2,2,"vince","$8581452.71","$1998464.68","+188.50%","1.52","68.96%","$8581452.71","$1998464.68","+188.50%","1.52","68.96%",0,0,0,1998464.6809339,1998464.6809339
"60 Months",1260,"MAX_POS=3, CAP=2",3,2,"vince","$15800036.14","$3349260.33","+219.88%","1.72","64.17%","$15800036.14","$3349260.33","+219.88%","1.72","64.17%",0,0,0,3349260.32576394,3349260.32576394
"60 Months",1260,"MAX_POS=3, CAP=3",3,3,"vince","$35796916.70","$6605492.40","+266.42%","1.86","64.06%","$35796916.70","$6605492.40","+266.42%","1.86","64.06%",0,0,0,6605492.40027474,6605492.40027474
"60 Months",1260,"MAX_POS=4, CAP=2",4,2,"vince","$4173224.38","$1074231.22","+154.81%","1.54","69.38%","$4173224.38","$1074231.22","+154.81%","1.54","69.38%",0,0,0,1074231.22035671,1074231.22035671
"60 Months",1260,"MAX_POS=4, CAP=3",4,3,"vince","$9252379.96","$2144318.52","+192.59%","1.69","73.18%","$9252379.96","$2144318.52","+192.59%","1.69","73.18%",0,0,0,2144318.52359944,2144318.52359944
"60 Months",1260,"MAX_POS=4, CAP=4",4,4,"vince","$9184047.17","$2111708.35","+191.69%","1.69","73.06%","$9184047.17","$2111708.35","+191.69%","1.69","73.06%",0,0,0,2111708.34534936,2111708.34534936
"60 Months",1260,"MAX_POS=5, CAP=2",5,2,"vince","$2829524.44","$774960.47","+138.70%","1.51","65.88%","$2829524.44","$774960.47","+138.70%","1.51","65.88%",0,0,0,774960.465548121,774960.465548121
"60 Months",1260,"MAX_POS=5, CAP=3",5,3,"vince","$3822657.15","$995233.58","+150.95%","1.56","67.58%","$3822657.15","$995233.58","+150.95%","1.56","67.58%",0,0,0,995233.576507941,995233.576507941
"60 Months",1260,"MAX_POS=5, CAP=4",5,4,"vince","$3826923.98","$989481.16","+150.66%","1.56","68.47%","$3826923.98","$989481.16","+150.66%","1.56","68.47%",0,0,0,989481.164762044,989481.164762044
"60 Months",1260,"MAX_POS=5, CAP=5",5,5,"vince","$3803955.65","$979778.64","+150.16%","1.55","68.41%","$3803955.65","$979778.64","+150.16%","1.55","68.41%",0,0,0,979778.64254211,979778.64254211
"84 Months",1764,"MAX_POS=2, CAP=2",2,2,"vince","$169950026.51","$21274289.84","+198.82%","1.59","68.96%","$169950026.51","$21274289.84","+198.82%","1.59","68.96%",0,0,0,21274289.8434467,21274289.8434467
"84 Months",1764,"MAX_POS=3, CAP=2",3,2,"vince","$213533081.37","$25296138.29","+206.30%","1.70","64.17%","$213533081.37","$25296138.29","+206.30%","1.70","64.17%",0,0,0,25296138.2897921,25296138.2897921
"84 Months",1764,"MAX_POS=3, CAP=3",3,3,"vince","$455340791.26","$47497078.53","+235.15%","1.80","64.06%","$455340791.26","$47497078.53","+235.15%","1.80","64.06%",0,0,0,47497078.5312403,47497078.5312403
"84 Months",1764,"MAX_POS=4, CAP=2",4,2,"vince","$82289847.57","$11103381.07","+172.31%","1.65","69.38%","$82289847.57","$11103381.07","+172.31%","1.65","69.38%",0,0,0,11103381.0687078,11103381.0687078
"84 Months",1764,"MAX_POS=4, CAP=3",4,3,"vince","$219206005.32","$25648899.82","+206.91%","1.79","73.18%","$219206005.32","$25648899.82","+206.91%","1.79","73.18%",0,0,0,25648899.8238417,25648899.8238417
"84 Months",1764,"MAX_POS=4, CAP=4",4,4,"vince","$215869663.77","$25079923.66","+205.93%","1.78","73.06%","$215869663.77","$25079923.66","+205.93%","1.78","73.06%",0,0,0,25079923.6565461,25079923.6565461
"84 Months",1764,"MAX_POS=5, CAP=2",5,2,"vince","$62722430.50","$8745527.76","+163.18%","1.66","67.63%","$62722430.50","$8745527.76","+163.18%","1.66","67.63%",0,0,0,8745527.76281904,8745527.76281904
"84 Months",1764,"MAX_POS=5, CAP=3",5,3,"vince","$58507083.26","$8072846.61","+160.19%","1.63","67.58%","$58507083.26","$8072846.61","+160.19%","1.63","67.58%",0,0,0,8072846.60727593,8072846.60727593
"84 Months",1764,"MAX_POS=5, CAP=4",5,4,"vince","$67544675.66","$9055304.86","+164.49%","1.65","68.47%","$67544675.66","$9055304.86","+164.49%","1.65","68.47%",0,0,0,9055304.8561887,9055304.8561887
"84 Months",1764,"MAX_POS=5, CAP=5",5,5,"vince","$66419393.36","$8879993.85","+163.76%","1.65","68.41%","$66419393.36","$8879993.85","+163.76%","1.65","68.41%",0,0,0,8879993.84521664,8879993.84521664
"120 Months",2520,"MAX_POS=2, CAP=2",2,2,"vince","$200396167.29","$23659535.55","+117.47%","1.31","72.33%","$200396167.29","$23659535.55","+117.47%","1.31","72.33%",0,0,0,23659535.5472154,23659535.5472154
"120 Months",2520,"MAX_POS=3, CAP=2",3,2,"vince","$276061442.85","$29920599.51","+122.64%","1.40","66.72%","$276061442.85","$29920599.51","+122.64%","1.40","66.72%",0,0,0,29920599.5061463,29920599.5061463
"120 Months",2520,"MAX_POS=3, CAP=3",3,3,"vince","$567687729.73","$54840491.35","+136.54%","1.47","65.78%","$567687729.73","$54840491.35","+136.54%","1.47","65.78%",0,0,0,54840491.3538963,54840491.3538963
"120 Months",2520,"MAX_POS=4, CAP=2",4,2,"vince","$128045607.00","$14910490.80","+107.66%","1.37","69.38%","$128045607.00","$14910490.80","+107.66%","1.37","69.38%",0,0,0,14910490.7985232,14910490.7985232
"120 Months",2520,"MAX_POS=4, CAP=3",4,3,"vince","$321264068.71","$33084247.17","+124.89%","1.47","73.18%","$321264068.71","$33084247.17","+124.89%","1.47","73.18%",0,0,0,33084247.1721404,33084247.1721404
"120 Months",2520,"MAX_POS=4, CAP=4",4,4,"vince","$319430088.50","$32574842.45","+124.54%","1.47","73.06%","$319430088.50","$32574842.45","+124.54%","1.47","73.06%",0,0,0,32574842.4507061,32574842.4507061
"120 Months",2520,"MAX_POS=5, CAP=2",5,2,"vince","$79135264.18","$10212244.79","+99.95%","1.36","67.63%","$79135264.18","$10212244.79","+99.95%","1.36","67.63%",0,0,0,10212244.7853042,10212244.7853042
"120 Months",2520,"MAX_POS=5, CAP=3",5,3,"vince","$70022462.78","$9089389.47","+97.63%","1.34","67.58%","$70022462.78","$9089389.47","+97.63%","1.34","67.58%",0,0,0,9089389.47433853,9089389.47433853
"120 Months",2520,"MAX_POS=5, CAP=4",5,4,"vince","$78559753.00","$9996341.46","+99.52%","1.35","68.47%","$78559753.00","$9996341.46","+99.52%","1.35","68.47%",0,0,0,9996341.46312389,9996341.46312389
"120 Months",2520,"MAX_POS=5, CAP=5",5,5,"vince","$78728906.82","$9933988.35","+99.39%","1.35","68.41%","$78728906.82","$9933988.35","+99.39%","1.35","68.41%",0,0,0,9933988.35397432,9933988.35397432
