"Universe","Sector_Cap","Hold_Days","Horizon","Trading_Days","Terminal_Wealth","Cum_Return","Ann_Return","Volatility","Sharpe_Ratio","Sortino_Ratio","Max_Drawdown","Win_Rate","Profit_Factor","QQQ_Return","VTI_Return","Wealth_Num","Sharpe_Num","Max_DD_Num"
"Broad (symbols_broad.txt)",2,5,"2 Months",42,"$17498.03","+74.98%","+2770.35%","40.77%","8.48","25.09","4.34%","71.43%","4.38","+7.96%","+2.45%",17498.0328243233,8.4823982517862,0.0433549802706789
"All2 (symbols_all2.txt)",2,5,"2 Months",42,"$14021.56","+40.22%","+659.94%","33.37%","6.26","15.26","7.31%","64.29%","2.84","+7.96%","+2.45%",14021.5556695332,6.26212193686879,0.073130591398168
"300+ (symbols_300.txt)",2,5,"2 Months",42,"$12559.57","+25.60%","+292.51%","32.33%","4.40","8.07","11.35%","64.29%","2.12","+7.96%","+2.45%",12559.565179722,4.3969015014755,0.113512149298963
"Focus (symbols.txt)",2,5,"2 Months",42,"$13030.63","+30.31%","+389.54%","30.41%","5.39","10.52","5.67%","61.90%","2.41","+7.96%","+2.45%",13030.6299397343,5.38707908362829,0.056716914695784
"Broad (symbols_broad.txt)",2,5,"6 Months",126,"$58428.09","+484.28%","+3313.84%","60.88%","6.14","12.32","16.87%","66.67%","2.89","+32.18%","+20.40%",58428.0860073226,6.13625130733139,0.168674394842417
"All2 (symbols_all2.txt)",2,5,"6 Months",126,"$43247.05","+332.47%","+1770.31%","47.34%","6.45","14.39","16.60%","66.67%","3.04","+32.18%","+20.40%",43247.0453060998,6.45212990423146,0.16599889920142
"300+ (symbols_300.txt)",2,5,"6 Months",126,"$34530.77","+245.31%","+1092.37%","43.05%","6.00","11.68","17.19%","66.67%","2.69","+32.18%","+20.40%",34530.7743456687,5.99734178914853,0.171907482772705
"Focus (symbols.txt)",2,5,"6 Months",126,"$29359.95","+193.60%","+762.01%","41.22%","5.45","9.90","14.42%","62.70%","2.45","+32.18%","+20.40%",29359.9519720516,5.4512814119477,0.144196959146903
"Broad (symbols_broad.txt)",2,5,"12 Months",252,"$413723.80","+4037.24%","+4037.24%","65.60%","6.04","12.11","16.87%","67.86%","2.91","+23.82%","+14.70%",413723.796398867,6.03661337999123,0.168674394842417
"All2 (symbols_all2.txt)",2,5,"12 Months",252,"$281651.24","+2716.51%","+2716.51%","54.22%","6.46","14.74","16.60%","66.27%","3.17","+23.82%","+14.70%",281651.243579365,6.4593202804711,0.16599889920142
"300+ (symbols_300.txt)",2,5,"12 Months",252,"$153660.12","+1436.60%","+1436.60%","48.28%","5.93","12.26","17.19%","64.29%","2.72","+23.82%","+14.70%",153660.118911883,5.92657427970163,0.171907482772705
"Focus (symbols.txt)",2,5,"12 Months",252,"$42506.63","+325.07%","+325.07%","40.72%","3.77","6.20","19.22%","59.92%","1.88","+23.82%","+14.70%",42506.6261963031,3.7666021369364,0.19217698234026
"Broad (symbols_broad.txt)",2,5,"24 Months",504,"$9313268.61","+93032.69%","+2951.76%","61.05%","5.94","12.20","19.62%","67.46%","2.98","+52.03%","+32.66%",9313268.6117739,5.9350544505786,0.196216105614263
"All2 (symbols_all2.txt)",2,5,"24 Months",504,"$5388972.57","+53789.73%","+2221.42%","57.06%","5.82","13.31","32.67%","65.67%","2.98","+52.03%","+32.66%",5388972.56518423,5.82001766343767,0.326687848929875
"300+ (symbols_300.txt)",2,5,"24 Months",504,"$1896959.15","+18869.59%","+1277.30%","48.97%","5.62","11.54","24.88%","64.29%","2.67","+52.03%","+32.66%",1896959.14708897,5.62318372943284,0.248759539169743
"Focus (symbols.txt)",2,5,"24 Months",504,"$97973.02","+879.73%","+213.01%","36.08%","3.35","5.50","25.40%","61.23%","1.81","+52.03%","+32.66%",97973.0226114432,3.34905426742043,0.253972576286595
"Broad (symbols_broad.txt)",2,5,"60 Months",1259,"$410999499.20","+4109894.99%","+738.50%","46.08%","4.86","9.68","21.27%","63.69%","2.52","+99.67%","+65.08%",410999499.201761,4.8597623449381,0.212712580394341
"All2 (symbols_all2.txt)",2,5,"60 Months",1260,"$583458697.40","+5834486.97%","+797.85%","44.24%","5.20","11.27","32.67%","64.89%","2.71","+101.54%","+66.75%",583458697.401852,5.19695274151885,0.326687848929875
"300+ (symbols_300.txt)",2,5,"60 Months",1260,"$133192637.37","+1331826.37%","+568.18%","39.76%","4.99","10.00","24.88%","63.78%","2.45","+101.54%","+66.75%",133192637.369802,4.98998928635089,0.248759539169742
"Focus (symbols.txt)",2,5,"60 Months",1259,"$290573.02","+2805.73%","+96.28%","31.27%","2.32","3.65","38.92%","56.84%","1.48","+99.67%","+65.08%",290573.023612725,2.31548406923433,0.38915634511628
"Broad (symbols_broad.txt)",5,5,"2 Months",42,"$17097.50","+70.97%","+2398.02%","29.40%","11.16","32.97","2.15%","76.19%","6.06","+7.96%","+2.45%",17097.49699351,11.1570650018732,0.0214507562809243
"All2 (symbols_all2.txt)",5,5,"2 Months",42,"$13572.73","+35.73%","+525.18%","32.71%","5.78","13.18","7.28%","64.29%","2.80","+7.96%","+2.45%",13572.7303496724,5.78160967990793,0.0727954391530291
"300+ (symbols_300.txt)",5,5,"2 Months",42,"$12732.06","+27.32%","+325.98%","34.82%","4.34","7.97","13.22%","64.29%","2.05","+7.96%","+2.45%",12732.0552169136,4.3430241773,0.132184629263591
"Focus (symbols.txt)",5,5,"2 Months",42,"$13262.07","+32.62%","+444.09%","29.55%","5.90","11.38","5.67%","61.90%","2.61","+7.96%","+2.45%",13262.0674571589,5.89511128703994,0.0567169146957837
"Broad (symbols_broad.txt)",5,5,"6 Months",126,"$77366.09","+673.66%","+5885.51%","61.03%","7.06","14.49","16.80%","72.22%","3.55","+32.18%","+20.40%",77366.0935468536,7.05711090478722,0.168037745296367
"All2 (symbols_all2.txt)",5,5,"6 Months",126,"$51338.92","+413.39%","+2535.69%","48.35%","7.04","16.99","10.41%","65.08%","3.47","+32.18%","+20.40%",51338.9246110306,7.04496460253884,0.104051671053851
"300+ (symbols_300.txt)",5,5,"6 Months",126,"$51001.54","+410.02%","+2501.16%","48.66%","6.98","16.16","13.22%","65.08%","3.30","+32.18%","+20.40%",51001.5379137133,6.9766369652625,0.132184629263591
"Focus (symbols.txt)",5,5,"6 Months",126,"$45401.38","+354.01%","+1961.29%","57.54%","5.57","10.10","18.42%","64.29%","2.65","+32.18%","+20.40%",45401.3803895542,5.57382569831273,0.184154601426162
"Broad (symbols_broad.txt)",5,5,"12 Months",252,"$595581.59","+5855.82%","+5855.82%","63.85%","6.76","14.40","16.80%","70.24%","3.37","+23.82%","+14.70%",595581.593513329,6.76304653686339,0.168037745296367
"All2 (symbols_all2.txt)",5,5,"12 Months",252,"$330053.48","+3200.53%","+3200.53%","55.32%","6.63","15.08","13.60%","67.06%","3.42","+23.82%","+14.70%",330053.47551326,6.63160848665607,0.136044954686585
"300+ (symbols_300.txt)",5,5,"12 Months",252,"$246802.50","+2368.03%","+2368.03%","51.58%","6.51","15.07","13.22%","62.70%","3.12","+23.82%","+14.70%",246802.503770062,6.50570326196539,0.132184629263591
"Focus (symbols.txt)",5,5,"12 Months",252,"$102908.76","+929.09%","+929.09%","55.36%","4.51","7.74","19.81%","62.70%","2.16","+23.82%","+14.70%",102908.761700532,4.50521678722206,0.198124816798545
"Broad (symbols_broad.txt)",5,5,"24 Months",504,"$9656588.47","+96465.88%","+3007.51%","60.48%","6.02","12.40","24.35%","67.66%","3.05","+52.03%","+32.66%",9656588.46744948,6.01530208062764,0.24346890645469
"All2 (symbols_all2.txt)",5,5,"24 Months",504,"$5952895.32","+59428.95%","+2339.86%","57.76%","5.84","13.00","29.02%","67.26%","3.06","+52.03%","+32.66%",5952895.3217077,5.84373108971904,0.290220316511474
"300+ (symbols_300.txt)",5,5,"24 Months",504,"$2773670.49","+27636.70%","+1565.43%","50.30%","5.87","12.66","26.37%","63.89%","2.85","+52.03%","+32.66%",2773670.48508626,5.86890433744094,0.263699265879367
"Focus (symbols.txt)",5,5,"24 Months",504,"$237394.84","+2273.95%","+387.23%","45.02%","3.75","6.40","25.40%","62.62%","2.00","+52.03%","+32.66%",237394.838069778,3.75138036392084,0.253972576286595
"Broad (symbols_broad.txt)",5,5,"60 Months",1259,"$797767213.51","+7977572.14%","+857.53%","45.97%","5.16","10.30","24.35%","64.65%","2.68","+99.67%","+65.08%",797767213.506674,5.16160567713402,0.24346890645469
"All2 (symbols_all2.txt)",5,5,"60 Months",1260,"$1037028999.27","+10370189.99%","+907.30%","45.12%","5.36","11.69","29.02%","66.00%","2.86","+101.54%","+66.75%",1037028999.26721,5.36118016021688,0.290220316511474
"300+ (symbols_300.txt)",5,5,"60 Months",1260,"$253292410.08","+2532824.10%","+659.84%","41.03%","5.16","10.83","26.37%","64.10%","2.58","+101.54%","+66.75%",253292410.080456,5.16278753466049,0.263699265879367
"Focus (symbols.txt)",5,5,"60 Months",1259,"$731665.67","+7216.66%","+136.13%","35.97%","2.57","4.18","38.92%","57.23%","1.58","+99.67%","+65.08%",731665.665257353,2.57179729983387,0.38915634511628
"Broad (symbols_broad.txt)",2,7,"2 Months",42,"$17368.93","+73.69%","+2645.61%","41.77%","8.18","23.46","4.59%","71.43%","4.32","+7.96%","+2.45%",17368.9328932467,8.18126058982693,0.0459258500573602
"All2 (symbols_all2.txt)",2,7,"2 Months",42,"$13927.26","+39.27%","+629.78%","28.97%","7.03","16.06","6.85%","69.05%","3.29","+7.96%","+2.45%",13927.2551551248,7.02725694980362,0.0685186045203851
"300+ (symbols_300.txt)",2,7,"2 Months",42,"$11979.66","+19.80%","+195.57%","32.04%","3.55","5.98","10.98%","59.52%","1.76","+7.96%","+2.45%",11979.6573996086,3.54529852762983,0.109767277079972
"Focus (symbols.txt)",2,7,"2 Months",42,"$13749.83","+37.50%","+575.75%","32.63%","6.03","12.67","5.94%","64.29%","2.80","+7.96%","+2.45%",13749.8255075635,6.03458381515067,0.0593909385686877
"Broad (symbols_broad.txt)",2,7,"6 Months",126,"$62844.80","+528.45%","+3849.47%","53.42%","7.19","15.24","15.15%","67.46%","3.37","+32.18%","+20.40%",62844.7955723906,7.19347998269101,0.151457581211689
"All2 (symbols_all2.txt)",2,7,"6 Months",126,"$44247.87","+342.48%","+1857.87%","44.05%","7.01","16.34","12.11%","69.05%","3.38","+32.18%","+20.40%",44247.8721654718,7.0064415943859,0.12112410589678
"300+ (symbols_300.txt)",2,7,"6 Months",126,"$33877.89","+238.78%","+1047.71%","41.44%","6.12","12.71","12.47%","65.87%","2.77","+32.18%","+20.40%",33877.892498084,6.12035535484861,0.12468763972617
"Focus (symbols.txt)",2,7,"6 Months",126,"$29149.22","+191.49%","+749.68%","40.36%","5.52","10.94","12.05%","60.32%","2.51","+32.18%","+20.40%",29149.221375699,5.52207291609702,0.120478575666521
"Broad (symbols_broad.txt)",2,7,"12 Months",252,"$392494.68","+3824.95%","+3824.95%","58.76%","6.58","13.50","15.47%","69.05%","3.14","+23.82%","+14.70%",392494.680359933,6.57778350128717,0.154692041306543
"All2 (symbols_all2.txt)",2,7,"12 Months",252,"$290763.23","+2807.63%","+2807.63%","51.58%","6.83","15.28","14.71%","69.05%","3.36","+23.82%","+14.70%",290763.230891779,6.82815422471525,0.14707310660147
"300+ (symbols_300.txt)",2,7,"12 Months",252,"$153975.32","+1439.75%","+1439.75%","45.56%","6.26","12.71","15.06%","65.08%","2.79","+23.82%","+14.70%",153975.317015098,6.25726545846615,0.150601741535624
"Focus (symbols.txt)",2,7,"12 Months",252,"$43047.16","+330.47%","+330.47%","39.58%","3.89","6.64","21.04%","58.73%","1.91","+23.82%","+14.70%",43047.1593695043,3.89469390466227,0.210372064711743
"Broad (symbols_broad.txt)",2,7,"24 Months",504,"$7135581.85","+71255.82%","+2571.25%","55.04%","6.27","13.66","18.64%","68.06%","3.14","+52.03%","+32.66%",7135581.84756049,6.27488846148241,0.186395283507974
"All2 (symbols_all2.txt)",2,7,"24 Months",504,"$5047858.25","+50378.58%","+2146.74%","54.18%","6.04","13.95","27.61%","67.66%","3.10","+52.03%","+32.66%",5047858.24730676,6.03996695620973,0.276073415836574
"300+ (symbols_300.txt)",2,7,"24 Months",504,"$1554867.30","+15448.67%","+1146.94%","45.76%","5.77","11.75","21.32%","64.48%","2.69","+52.03%","+32.66%",1554867.30059614,5.76679507370528,0.213236144374134
"Focus (symbols.txt)",2,7,"24 Months",504,"$86072.01","+760.72%","+193.38%","35.11%","3.25","5.46","25.33%","59.05%","1.79","+52.03%","+32.66%",86072.014430163,3.24660046115095,0.253278925888452
"Broad (symbols_broad.txt)",2,7,"60 Months",1259,"$344974947.98","+3449649.48%","+709.61%","42.01%","5.20","10.71","18.95%","64.73%","2.64","+99.67%","+65.08%",344974947.981888,5.20445357766201,0.189513248533297
"All2 (symbols_all2.txt)",2,7,"60 Months",1260,"$541269430.34","+5412594.30%","+784.47%","42.69%","5.34","11.61","27.61%","65.37%","2.78","+101.54%","+66.75%",541269430.340686,5.33513814177944,0.276073415836574
"300+ (symbols_300.txt)",2,7,"60 Months",1260,"$129342298.97","+1293322.99%","+564.28%","37.98%","5.19","10.43","21.32%","63.94%","2.52","+101.54%","+66.75%",129342298.967383,5.19051696661801,0.213236144374134
"Focus (symbols.txt)",2,7,"60 Months",1259,"$233915.78","+2239.16%","+87.94%","30.62%","2.22","3.50","40.19%","56.36%","1.46","+99.67%","+65.08%",233915.775939364,2.21579261727587,0.401921871703908
"Broad (symbols_broad.txt)",5,7,"2 Months",42,"$16354.83","+63.55%","+1813.71%","32.17%","9.39","22.43","2.92%","71.43%","4.22","+7.96%","+2.45%",16354.8313824415,9.38505449882844,0.0292399074295426
"All2 (symbols_all2.txt)",5,7,"2 Months",42,"$13576.87","+35.77%","+526.32%","30.65%","6.16","13.10","7.12%","69.05%","2.70","+7.96%","+2.45%",13576.8671640426,6.15620125315914,0.0712203661955708
"300+ (symbols_300.txt)",5,7,"2 Months",42,"$12155.58","+21.56%","+222.59%","33.38%","3.68","6.27","11.76%","61.90%","1.77","+7.96%","+2.45%",12155.5777764464,3.67935226698944,0.117564543083692
"Focus (symbols.txt)",5,7,"2 Months",42,"$13795.09","+37.95%","+589.20%","31.59%","6.29","12.84","5.94%","64.29%","2.83","+7.96%","+2.45%",13795.0892450013,6.28617795195912,0.0593909385686879
"Broad (symbols_broad.txt)",5,7,"6 Months",126,"$78534.86","+685.35%","+6067.72%","55.31%","7.78","17.40","14.08%","69.84%","3.83","+32.18%","+20.40%",78534.8581681937,7.78159892196904,0.140782906109403
"All2 (symbols_all2.txt)",5,7,"6 Months",126,"$50248.85","+402.49%","+2424.95%","47.48%","7.07","18.50","8.65%","67.46%","3.59","+32.18%","+20.40%",50248.8477442513,7.07297056156119,0.0865364066853507
"300+ (symbols_300.txt)",5,7,"6 Months",126,"$45779.82","+357.80%","+1995.79%","48.06%","6.60","16.12","11.76%","64.29%","3.11","+32.18%","+20.40%",45779.8217384703,6.60151035892641,0.117564543083692
"Focus (symbols.txt)",5,7,"6 Months",126,"$43487.54","+334.88%","+1791.17%","56.39%","5.52","10.82","14.31%","64.29%","2.66","+32.18%","+20.40%",43487.5366411539,5.51856626721384,0.143076861315192
"Broad (symbols_broad.txt)",5,7,"12 Months",252,"$540466.08","+5304.66%","+5304.66%","58.77%","7.13","15.70","14.08%","69.05%","3.48","+23.82%","+14.70%",540466.075800945,7.12757952618916,0.140782906109403
"All2 (symbols_all2.txt)",5,7,"12 Months",252,"$367696.11","+3576.96%","+3576.96%","53.25%","7.08","16.38","16.48%","69.44%","3.70","+23.82%","+14.70%",367696.11344239,7.07555750508691,0.164774439352364
"300+ (symbols_300.txt)",5,7,"12 Months",252,"$228578.92","+2185.79%","+2185.79%","49.32%","6.63","14.73","11.76%","63.49%","3.06","+23.82%","+14.70%",228578.92012724,6.62511503624263,0.117564543083692
"Focus (symbols.txt)",5,7,"12 Months",252,"$103885.26","+938.85%","+938.85%","53.63%","4.65","8.48","17.80%","60.71%","2.24","+23.82%","+14.70%",103885.260977986,4.64851668279692,0.177952399594175
"Broad (symbols_broad.txt)",5,7,"24 Months",504,"$8195030.33","+81850.30%","+2762.70%","55.93%","6.31","13.73","19.86%","67.66%","3.15","+52.03%","+32.66%",8195030.32991588,6.30900036192495,0.198612884014752
"All2 (symbols_all2.txt)",5,7,"24 Months",504,"$6371498.84","+63614.99%","+2424.18%","55.11%","6.16","14.21","24.12%","68.45%","3.25","+52.03%","+32.66%",6371498.84457563,6.16108121510142,0.241192180712861
"300+ (symbols_300.txt)",5,7,"24 Months",504,"$2036594.68","+20265.95%","+1327.09%","47.43%","5.87","12.51","22.67%","63.69%","2.79","+52.03%","+32.66%",2036594.67901329,5.86650174449979,0.226701077579585
"Focus (symbols.txt)",5,7,"24 Months",504,"$206393.76","+1963.94%","+354.31%","43.72%","3.69","6.59","25.33%","60.04%","2.00","+52.03%","+32.66%",206393.757376157,3.68778008291652,0.253278925888452
"Broad (symbols_broad.txt)",5,7,"60 Months",1259,"$743449823.51","+7434398.24%","+844.11%","42.77%","5.48","11.29","19.86%","66.00%","2.78","+99.67%","+65.08%",743449823.51078,5.48153107005012,0.198612884014752
"All2 (symbols_all2.txt)",5,7,"60 Months",1260,"$997464660.62","+9974546.61%","+899.49%","43.68%","5.51","12.18","24.12%","66.32%","2.93","+101.54%","+66.75%",997464660.619024,5.50604421477642,0.241192180712861
"300+ (symbols_300.txt)",5,7,"60 Months",1260,"$223157598.67","+2231475.99%","+640.84%","39.62%","5.27","11.08","22.67%","63.54%","2.61","+101.54%","+66.75%",223157598.673902,5.26820608156978,0.226701077579585
"Focus (symbols.txt)",5,7,"60 Months",1259,"$574871.51","+5648.72%","+125.01%","35.05%","2.49","4.13","40.19%","56.68%","1.56","+99.67%","+65.08%",574871.508078849,2.49089927708062,0.401921871703908
