"Horizon","Hold_Days","Sizing_Mode","Trading_Days","Terminal_Wealth","Cum_Return","Ann_Return","Volatility","Sharpe_Ratio","Sortino_Ratio","Max_Drawdown","Win_Rate","Profit_Factor"
"2 Months",5,"equal",42,"$12549.10","+25.49%","+290.55%","29.10%","4.84","8.32","7.18%","66.67%","2.14"
"6 Months",5,"equal",126,"$26467.15","+164.67%","+600.51%","48.11%","4.30","7.93","12.91%","64.29%","2.08"
"12 Months",5,"equal",252,"$55767.20","+457.67%","+457.67%","48.29%","3.81","6.79","13.10%","60.32%","1.89"
"24 Months",5,"equal",504,"$194114.29","+1841.14%","+340.58%","45.16%","3.52","6.33","22.92%","58.73%","1.83"
"60 Months",5,"equal",1259,"$1307538.57","+12975.39%","+165.23%","35.09%","2.96","5.18","22.92%","57.25%","1.69"
"2 Months",5,"vince",42,"$12786.06","+27.86%","+336.94%","26.04%","5.81","11.04","3.16%","64.29%","2.48"
"6 Months",5,"vince",126,"$27281.36","+172.81%","+644.27%","45.05%","4.69","9.14","11.22%","61.90%","2.23"
"12 Months",5,"vince",252,"$54346.98","+443.47%","+443.47%","43.55%","4.11","7.70","11.22%","59.13%","2.00"
"24 Months",5,"vince",504,"$130041.63","+1200.42%","+260.61%","41.15%","3.33","5.98","25.68%","58.13%","1.80"
"60 Months",5,"vince",1259,"$707454.94","+6974.55%","+134.55%","30.83%","2.92","5.12","25.68%","56.77%","1.70"
"2 Months",7,"equal",42,"$12452.95","+24.53%","+272.94%","30.98%","4.41","7.40","7.99%","64.29%","1.95"
"6 Months",7,"equal",126,"$25827.32","+158.27%","+567.05%","46.22%","4.35","8.07","12.46%","63.49%","2.07"
"12 Months",7,"equal",252,"$58478.35","+484.78%","+484.78%","46.64%","4.03","7.29","13.24%","61.51%","1.96"
"24 Months",7,"equal",504,"$204536.36","+1945.36%","+352.26%","44.07%","3.65","6.66","24.29%","60.32%","1.87"
"60 Months",7,"equal",1259,"$1292519.59","+12825.20%","+164.62%","34.03%","3.03","5.31","24.29%","58.20%","1.71"
"2 Months",7,"vince",42,"$12678.97","+26.79%","+315.44%","27.98%","5.24","9.52","3.67%","64.29%","2.20"
"6 Months",7,"vince",126,"$26546.55","+165.47%","+604.72%","43.01%","4.77","9.28","12.24%","63.49%","2.22"
"12 Months",7,"vince",252,"$58374.19","+483.74%","+483.74%","42.03%","4.42","8.37","12.24%","61.11%","2.09"
"24 Months",7,"vince",504,"$142492.26","+1324.92%","+277.48%","39.95%","3.53","6.39","24.19%","58.53%","1.86"
"60 Months",7,"vince",1259,"$759609.43","+7496.09%","+137.91%","30.04%","3.04","5.31","24.19%","57.64%","1.74"
