"Period","Universe","Strategy_Mode","Bars","Cumulative_Ret","Annualized_Ret","Annualized_Vol","Sharpe_Ratio","Max_Drawdown","Win_Rate","Profit_Factor","SP500_Ret","SP500_Sharpe","Nasdaq_Ret","Alpha_vs_SPY","Alpha_vs_QQQ"
"June 2026","Focus (symbols.txt)","BASELINE",21," +2.57%","+35.62%","21.86%"," 1.50","- 4.27%"," 57.1%"," 1.26"," -1.28%","-0.79"," -0.26%"," +3.86%"," +2.83%"
"June 2026","Focus (symbols.txt)","ENHANCED",21," +5.71%","+94.68%","41.76%"," 1.80","- 9.47%"," 61.9%"," 1.31"," -1.28%","-0.79"," -0.26%"," +6.99%"," +5.97%"
"June 2026","Broad (symbols_broad.txt)","BASELINE",21," +2.11%","+28.47%"," 8.86%"," 2.87","- 1.44%"," 61.9%"," 1.55"," -1.28%","-0.79"," -0.26%"," +3.39%"," +2.37%"
"June 2026","Broad (symbols_broad.txt)","ENHANCED",21," +7.40%","+135.42%","37.63%"," 2.46","- 6.08%"," 61.9%"," 1.46"," -1.28%","-0.79"," -0.26%"," +8.68%"," +7.65%"
"June 2026","Institutional (symbols_300.txt)","BASELINE",21," +1.52%","+19.80%"," 5.45%"," 3.34","- 0.75%"," 61.9%"," 1.66"," -1.28%","-0.79"," -0.26%"," +2.80%"," +1.78%"
"June 2026","Institutional (symbols_300.txt)","ENHANCED",21,"+15.99%","+493.19%","30.33%"," 6.04","- 4.57%"," 61.9%"," 2.68"," -1.28%","-0.79"," -0.26%","+17.28%","+16.25%"
"July 2026","Focus (symbols.txt)","BASELINE",22," -2.29%","-23.33%","15.58%","-1.63","- 4.00%"," 40.9%"," 0.76"," +0.03%"," 0.09"," -6.57%"," -2.33%"," +4.28%"
"July 2026","Focus (symbols.txt)","ENHANCED",22," -0.73%"," -8.08%","15.34%","-0.48","- 2.05%"," 50.0%"," 0.90"," +0.03%"," 0.09"," -6.57%"," -0.77%"," +5.84%"
"July 2026","Broad (symbols_broad.txt)","BASELINE",22," -2.88%","-28.41%"," 8.30%","-3.98","- 3.16%"," 36.4%"," 0.54"," +0.03%"," 0.09"," -6.57%"," -2.91%"," +3.70%"
"July 2026","Broad (symbols_broad.txt)","ENHANCED",22," +0.52%"," +6.10%","25.49%"," 0.35","- 4.47%"," 50.0%"," 1.06"," +0.03%"," 0.09"," -6.57%"," +0.48%"," +7.09%"
"July 2026","Institutional (symbols_300.txt)","BASELINE",22," -1.85%","-19.29%"," 5.71%","-3.72","- 2.02%"," 45.5%"," 0.56"," +0.03%"," 0.09"," -6.57%"," -1.89%"," +4.72%"
"July 2026","Institutional (symbols_300.txt)","ENHANCED",22," +4.15%","+59.30%","16.75%"," 2.86","- 6.26%"," 68.2%"," 1.52"," +0.03%"," 0.09"," -6.57%"," +4.11%","+10.72%"
"August 2026","Focus (symbols.txt)","BASELINE",21," +0.45%"," +5.51%"," 8.43%"," 0.68","- 2.29%"," 52.4%"," 1.11"," +2.68%"," 3.13"," +4.18%"," -2.23%"," -3.73%"
"August 2026","Focus (symbols.txt)","ENHANCED",21,"+10.97%","+248.63%","17.19%"," 7.37","- 2.12%"," 61.9%"," 3.46"," +2.68%"," 3.13"," +4.18%"," +8.29%"," +6.79%"
"August 2026","Broad (symbols_broad.txt)","BASELINE",21," -1.01%","-11.51%"," 3.51%","-3.47","- 1.43%"," 52.4%"," 0.55"," +2.68%"," 3.13"," +4.18%"," -3.69%"," -5.20%"
"August 2026","Broad (symbols_broad.txt)","ENHANCED",21," +1.42%","+18.38%","14.68%"," 1.22","- 3.31%"," 57.1%"," 1.22"," +2.68%"," 3.13"," +4.18%"," -1.26%"," -2.77%"
"August 2026","Institutional (symbols_300.txt)","BASELINE",21," -0.79%"," -9.03%"," 2.55%","-3.70","- 0.99%"," 38.1%"," 0.54"," +2.68%"," 3.13"," +4.18%"," -3.47%"," -4.97%"
"August 2026","Institutional (symbols_300.txt)","ENHANCED",21," -0.60%"," -6.97%","19.29%","-0.28","- 3.86%"," 57.1%"," 0.95"," +2.68%"," 3.13"," +4.18%"," -3.28%"," -4.78%"
"Summer (Jun-Aug)","Focus (symbols.txt)","BASELINE",64," +0.67%"," +2.66%","16.05%"," 0.24","- 6.11%"," 50.0%"," 1.04"," +1.40%"," 0.47"," -2.92%"," -0.73%"," +3.59%"
"Summer (Jun-Aug)","Focus (symbols.txt)","ENHANCED",64,"+16.44%","+82.10%","27.17%"," 2.34","- 9.47%"," 59.3%"," 1.52"," +1.40%"," 0.47"," -2.92%","+15.05%","+19.36%"
"Summer (Jun-Aug)","Broad (symbols_broad.txt)","BASELINE",64," -1.83%"," -7.02%"," 7.36%","-0.95","- 4.17%"," 50.0%"," 0.86"," +1.40%"," 0.47"," -2.92%"," -3.23%"," +1.09%"
"Summer (Jun-Aug)","Broad (symbols_broad.txt)","ENHANCED",64," +9.48%","+42.86%","27.20%"," 1.45","- 7.46%"," 56.2%"," 1.28"," +1.40%"," 0.47"," -2.92%"," +8.08%","+12.40%"
"Summer (Jun-Aug)","Institutional (symbols_300.txt)","BASELINE",64," -1.15%"," -4.44%"," 4.84%","-0.91","- 2.73%"," 48.4%"," 0.86"," +1.40%"," 0.47"," -2.92%"," -2.54%"," +1.77%"
"Summer (Jun-Aug)","Institutional (symbols_300.txt)","ENHANCED",64,"+20.08%","+105.55%","22.99%"," 3.25","- 6.26%"," 62.5%"," 1.70"," +1.40%"," 0.47"," -2.92%","+18.68%","+23.00%"
