"Horizon","Trading_Days","Configuration","Max_Positions","Sector_Cap","Sizing_Mode","Starting_Capital","PreTax_Wealth","AfterTax_Wealth","PreTax_Wealth_Num","AfterTax_Wealth_Num","PreTax_AnnRet","AfterTax_AnnRet","Sharpe_Ratio","Sortino_Ratio","Max_Drawdown","Win_Rate","Profit_Factor","AfterTax_AnnRet_Num","Sharpe_Num","Max_DD_Num"
"2 Months",42,"MAX_POS=2, CAP=2 (Vince)",2,2,"vince",10000,"$13426.82","$12158.90",13426.8179447941,12158.8953052203,"+485.92%","+223.12%","1.77","3.45","26.13%","47.62%","1.35",223.120649980743,1.77303455259126,26.1260528149002
"2 Months",42,"MAX_POS=3, CAP=2 (Vince)",3,2,"vince",10000,"$13729.66","$12349.69",13729.6648499594,12349.6888554744,"+569.82%","+254.76%","1.82","3.80","20.24%","47.62%","1.39",254.761183737824,1.81792340854112,20.2369660921546
"2 Months",42,"MAX_POS=3, CAP=3 (Vince)",3,3,"vince",10000,"$13729.66","$12349.69",13729.6648499594,12349.6888554744,"+569.82%","+254.76%","1.82","3.80","20.24%","47.62%","1.39",254.761183737824,1.81792340854112,20.2369660921546
"2 Months",42,"MAX_POS=4, CAP=2 (Vince)",4,2,"vince",10000,"$12913.42","$11835.45",12913.4198615967,11835.4545128059,"+363.71%","+174.86%","1.56","3.12","23.78%","40.48%","1.32",174.858798592712,1.55636201825732,23.781858650452
"2 Months",42,"MAX_POS=4, CAP=3 (Vince)",4,3,"vince",10000,"$12972.41","$11872.62",12972.409293141,11872.6178546788,"+376.57%","+180.08%","1.58","3.16","23.78%","40.48%","1.32",180.077960995559,1.57722013711888,23.781858650452
"2 Months",42,"MAX_POS=4, CAP=4 (Vince)",4,4,"vince",10000,"$12972.41","$11872.62",12972.409293141,11872.6178546788,"+376.57%","+180.08%","1.58","3.16","23.78%","40.48%","1.32",180.077960995559,1.57722013711888,23.781858650452
"2 Months",42,"MAX_POS=5, CAP=2 (Vince)",5,2,"vince",10000,"$12004.26","$11262.68",12004.2553633831,11262.6808789313,"+199.23%","+104.10%","1.25","2.53","22.73%","38.10%","1.26",104.103603771589,1.25229150941906,22.72694586481
"2 Months",42,"MAX_POS=5, CAP=3 (Vince)",5,3,"vince",10000,"$12290.18","$11442.81",12290.1774311779,11442.8117816421,"+244.63%","+124.49%","1.39","2.75","22.72%","38.10%","1.29",124.489755401108,1.388993133408,22.7163938466926
"2 Months",42,"MAX_POS=5, CAP=4 (Vince)",5,4,"vince",10000,"$12322.27","$11463.03",12322.2710351733,11463.0307521592,"+250.06%","+126.88%","1.40","2.77","22.72%","38.10%","1.29",126.880277667003,1.40182750978449,22.7163938466926
"2 Months",42,"MAX_POS=5, CAP=5 (Vince)",5,5,"vince",10000,"$12322.27","$11463.03",12322.2710351733,11463.0307521592,"+250.06%","+126.88%","1.40","2.77","22.72%","38.10%","1.29",126.880277667003,1.40182750978449,22.7163938466926
"2 Months",42,"MAX_POS=3, CAP=3 (Equal)",3,3,"equal",10000,"$13017.93","$11901.30",13017.9287580284,11901.2951175579,"+386.69%","+184.16%","1.55","3.57","22.24%","42.86%","1.37",184.161572501093,1.55134097136189,22.2440143770917
"2 Months",42,"MAX_POS=4, CAP=4 (Equal)",4,4,"equal",10000,"$12164.21","$11363.45",12164.2091662644,11363.4517747465,"+223.97%","+115.31%","1.28","2.67","25.67%","42.86%","1.28",115.308729935678,1.28006193073807,25.6654617966473
"2 Months",42,"MAX_POS=5, CAP=5 (Equal)",5,5,"equal",10000,"$11327.89","$10836.57",11327.8916311187,10836.5717276048,"+111.30%","+61.94%","0.98","2.01","25.90%","42.86%","1.21",61.9390024464442,0.982617055265433,25.899961468255
"6 Months",126,"MAX_POS=2, CAP=2 (Vince)",2,2,"vince",10000,"$29822.67","$22488.28",29822.6654750528,22488.2792492833,"+789.39%","+405.72%","1.85","3.14","39.45%","49.21%","1.37",405.722703593743,1.85357632880431,39.4523527167411
"6 Months",126,"MAX_POS=3, CAP=2 (Vince)",3,2,"vince",10000,"$37554.08","$27359.07",37554.0843452962,27359.0731375366,"+1310.31%","+648.52%","2.28","3.82","36.51%","53.17%","1.46",648.518882945079,2.28492975144239,36.5112226438833
"6 Months",126,"MAX_POS=3, CAP=3 (Vince)",3,3,"vince",10000,"$37142.06","$27099.50",37142.0620014029,27099.4990608838,"+1279.53%","+634.38%","2.27","3.80","32.71%","53.17%","1.46",634.382849350843,2.27090000286156,32.7147466780812
"6 Months",126,"MAX_POS=4, CAP=2 (Vince)",4,2,"vince",10000,"$23065.36","$18231.18",23065.3601299285,18231.176881855,"+432.01%","+232.38%","1.63","2.64","43.01%","49.21%","1.30",232.375810497483,1.63206012485729,43.0107196985608
"6 Months",126,"MAX_POS=4, CAP=3 (Vince)",4,3,"vince",10000,"$24560.63","$19173.20",24560.6296676178,19173.1966905992,"+503.22%","+267.61%","1.71","2.80","43.56%","48.41%","1.32",267.611471336404,1.70729666403792,43.5580033327697
"6 Months",126,"MAX_POS=4, CAP=4 (Vince)",4,4,"vince",10000,"$24560.63","$19173.20",24560.6296676178,19173.1966905992,"+503.22%","+267.61%","1.71","2.80","43.56%","48.41%","1.32",267.611471336404,1.70729666403792,43.5580033327697
"6 Months",126,"MAX_POS=5, CAP=2 (Vince)",5,2,"vince",10000,"$20589.66","$16671.48",20589.6575073766,16671.4842296473,"+323.93%","+177.94%","1.50","2.37","42.63%","50.00%","1.28",177.938386419377,1.50350934816339,42.6326948889876
"6 Months",126,"MAX_POS=5, CAP=3 (Vince)",5,3,"vince",10000,"$23441.57","$18468.19",23441.573512813,18468.1913130722,"+449.51%","+241.07%","1.68","2.66","45.06%","50.79%","1.32",241.074090376235,1.6779305890342,45.0629256143196
"6 Months",126,"MAX_POS=5, CAP=4 (Vince)",5,4,"vince",10000,"$22186.95","$17677.78",22186.9545120643,17677.7813426005,"+392.26%","+212.50%","1.59","2.53","45.06%","50.00%","1.30",212.503953196794,1.59470799014933,45.0629256143197
"6 Months",126,"MAX_POS=5, CAP=5 (Vince)",5,5,"vince",10000,"$22186.95","$17677.78",22186.9545120643,17677.7813426005,"+392.26%","+212.50%","1.59","2.53","45.06%","50.00%","1.30",212.503953196794,1.59470799014933,45.0629256143197
"6 Months",126,"MAX_POS=3, CAP=3 (Equal)",3,3,"equal",10000,"$30711.87","$23048.48",30711.874505329,23048.4809383573,"+843.22%","+431.23%","1.95","3.26","39.01%","50.79%","1.39",431.232473565819,1.94739604945291,39.0062913033092
"6 Months",126,"MAX_POS=4, CAP=4 (Equal)",4,4,"equal",10000,"$18370.02","$15273.11",18370.0153856922,15273.1096929861,"+237.46%","+133.27%","1.30","2.11","49.36%","47.62%","1.24",133.267879693986,1.29719244881791,49.3573619351126
"6 Months",126,"MAX_POS=5, CAP=5 (Equal)",5,5,"equal",10000,"$15864.98","$13694.94",15864.9806793033,13694.9378279611,"+151.70%","+87.55%","1.11","1.75","48.75%","50.79%","1.21",87.5513221117199,1.11397262897639,48.7479114176792
"12 Months",252,"MAX_POS=2, CAP=2 (Vince)",2,2,"vince",10000,"$199100.92","$104099.76",199100.919907007,104099.76492439,"+1891.01%","+941.00%","2.38","3.87","41.50%","52.78%","1.50",940.997649243904,2.37847897528047,41.5038645835942
"12 Months",252,"MAX_POS=3, CAP=2 (Vince)",3,2,"vince",10000,"$255083.14","$135093.13",255083.140154501,135093.134611792,"+2450.83%","+1250.93%","2.79","4.47","38.71%","57.14%","1.59",1250.93134611792,2.79061772774874,38.7078435933504
"12 Months",252,"MAX_POS=3, CAP=3 (Vince)",3,3,"vince",10000,"$342445.14","$171272.07",342445.143335728,171272.07424001,"+3324.45%","+1612.72%","2.97","4.75","36.65%","57.54%","1.64",1612.7207424001,2.96889202914701,36.6543390932169
"12 Months",252,"MAX_POS=4, CAP=2 (Vince)",4,2,"vince",10000,"$133307.12","$74563.41",133307.117022499,74563.40638094,"+1233.07%","+645.63%","2.37","3.68","45.70%","55.95%","1.49",645.634063809399,2.37343969749976,45.6993573294865
"12 Months",252,"MAX_POS=4, CAP=3 (Vince)",4,3,"vince",10000,"$163970.12","$88594.95",163970.117741182,88594.9536377855,"+1539.70%","+785.95%","2.51","3.91","46.29%","56.35%","1.52",785.949536377855,2.5121401953608,46.2851432123764
"12 Months",252,"MAX_POS=4, CAP=4 (Vince)",4,4,"vince",10000,"$173012.12","$92475.08",173012.119748385,92475.0787190025,"+1630.12%","+824.75%","2.55","3.97","46.29%","56.75%","1.53",824.750787190025,2.54504741620366,46.2851432123764
"12 Months",252,"MAX_POS=5, CAP=2 (Vince)",5,2,"vince",10000,"$100944.04","$57755.41",100944.042893612,57755.4078607283,"+909.44%","+477.55%","2.22","3.39","48.05%","56.35%","1.45",477.554078607283,2.21561601642436,48.0526062759353
"12 Months",252,"MAX_POS=5, CAP=3 (Vince)",5,3,"vince",10000,"$114510.75","$64534.59",114510.745924109,64534.5937693929,"+1045.11%","+545.35%","2.32","3.53","49.61%","57.54%","1.48",545.34593769393,2.31741989506922,49.6110816495143
"12 Months",252,"MAX_POS=5, CAP=4 (Vince)",5,4,"vince",10000,"$107834.99","$61170.80",107834.990573444,61170.7971310889,"+978.35%","+511.71%","2.27","3.45","49.21%","57.14%","1.46",511.707971310888,2.26545950006344,49.205196313841
"12 Months",252,"MAX_POS=5, CAP=5 (Vince)",5,5,"vince",10000,"$107834.99","$61170.80",107834.990573444,61170.7971310889,"+978.35%","+511.71%","2.27","3.45","49.21%","57.14%","1.46",511.707971310888,2.26545950006344,49.205196313841
"12 Months",252,"MAX_POS=3, CAP=3 (Equal)",3,3,"equal",10000,"$238268.86","$123261.48",238268.863996671,123261.484065707,"+2282.69%","+1132.61%","2.62","4.18","43.83%","55.95%","1.56",1132.61484065707,2.6180575417372,43.8309519359788
"12 Months",252,"MAX_POS=4, CAP=4 (Equal)",4,4,"equal",10000,"$102924.71","$58644.02",102924.711339494,58644.0189522918,"+929.25%","+486.44%","2.11","3.26","53.06%","55.16%","1.43",486.440189522918,2.11002294249866,53.0610094831162
"12 Months",252,"MAX_POS=5, CAP=5 (Equal)",5,5,"equal",10000,"$65138.13","$40032.22",65138.1309432059,40032.2156048354,"+551.38%","+300.32%","1.85","2.79","54.77%","55.95%","1.37",300.322156048353,1.84812422763338,54.7742756448373
"24 Months",504,"MAX_POS=2, CAP=2 (Vince)",2,2,"vince",10000,"$732983.72","$278943.53",732983.723411126,278943.529052637,"+756.14%","+428.15%","1.94","3.08","65.03%","54.96%","1.41",428.15104757317,1.9420237453317,65.0258299945934
"24 Months",504,"MAX_POS=3, CAP=2 (Vince)",3,2,"vince",10000,"$880681.59","$341367.24",880681.589256831,341367.244827432,"+838.45%","+484.27%","2.17","3.43","59.46%","57.54%","1.46",484.266415967435,2.16965799212546,59.4599010729703
"24 Months",504,"MAX_POS=3, CAP=3 (Vince)",3,3,"vince",10000,"$1372006.62","$500503.94",1372006.62331199,500503.941373411,"+1071.33%","+607.46%","2.33","3.69","58.28%","57.14%","1.50",607.463031806901,2.33027416132069,58.2790524241577
"24 Months",504,"MAX_POS=4, CAP=2 (Vince)",4,2,"vince",10000,"$287392.60","$129261.63",287392.600692582,129261.627619787,"+436.09%","+259.53%","1.81","2.75","64.33%","55.36%","1.36",259.529731204231,1.80922718091258,64.3304783886836
"24 Months",504,"MAX_POS=4, CAP=3 (Vince)",4,3,"vince",10000,"$557334.08","$221748.82",557334.08363636,221748.816131337,"+646.55%","+370.90%","2.05","3.15","69.85%","55.95%","1.42",370.902130098535,2.04793905403365,69.8543419564484
"24 Months",504,"MAX_POS=4, CAP=4 (Vince)",4,4,"vince",10000,"$515702.54","$207756.76",515702.53712526,207756.756375276,"+618.12%","+355.80%","2.01","3.10","69.46%","55.95%","1.41",355.80341856471,2.0109603898374,69.459734772281
"24 Months",504,"MAX_POS=5, CAP=2 (Vince)",5,2,"vince",10000,"$205756.49","$95770.88",205756.491859607,95770.8797648542,"+353.60%","+209.47%","1.71","2.57","60.08%","55.56%","1.34",209.468705630883,1.70652338635513,60.0802754290194
"24 Months",504,"MAX_POS=5, CAP=3 (Vince)",5,3,"vince",10000,"$322729.69","$138233.66",322729.692436604,138233.655271047,"+468.09%","+271.80%","1.89","2.85","63.07%","55.56%","1.38",271.797868836075,1.88622916522108,63.0704801886243
"24 Months",504,"MAX_POS=5, CAP=4 (Vince)",5,4,"vince",10000,"$305977.12","$131881.97",305977.123357959,131881.969039166,"+453.15%","+263.16%","1.85","2.81","64.39%","55.75%","1.37",263.15557140042,1.85154467486691,64.3865250753331
"24 Months",504,"MAX_POS=5, CAP=5 (Vince)",5,5,"vince",10000,"$309936.95","$133074.78",309936.953612584,133074.782529403,"+456.72%","+264.79%","1.86","2.81","64.22%","55.95%","1.37",264.794164604374,1.85520121675532,64.2169608062736
"24 Months",504,"MAX_POS=3, CAP=3 (Equal)",3,3,"equal",10000,"$469277.79","$198708.47",469277.792827418,198708.474603334,"+585.04%","+345.77%","1.89","2.96","67.84%","54.96%","1.40",345.76728749801,1.88935927773791,67.8413544022558
"24 Months",504,"MAX_POS=4, CAP=4 (Equal)",4,4,"equal",10000,"$198670.72","$93235.79",198670.7201996,93235.7869538987,"+345.72%","+205.35%","1.61","2.44","71.18%","54.96%","1.33",205.345356856623,1.61276775830102,71.1846678633539
"24 Months",504,"MAX_POS=5, CAP=5 (Equal)",5,5,"equal",10000,"$124792.02","$63162.27",124792.019969169,63162.2727356129,"+253.26%","+151.32%","1.47","2.19","65.37%","55.95%","1.29",151.321055098082,1.46930708562527,65.3724661599708
"60 Months",1260,"MAX_POS=2, CAP=2 (Vince)",2,2,"vince",10000,"$8581452.71","$1998464.68",8581452.7107853,1998464.6809339,"+286.11%","+188.50%","1.52","2.40","68.96%","52.86%","1.32",188.495667478774,1.52419327675292,68.9601988788317
"60 Months",1260,"MAX_POS=3, CAP=2 (Vince)",3,2,"vince",10000,"$15800036.14","$3349260.33",15800036.1425083,3349260.32576394,"+336.25%","+219.88%","1.72","2.69","64.17%","53.97%","1.36",219.88198401631,1.71703315625713,64.1670934404694
"60 Months",1260,"MAX_POS=3, CAP=3 (Vince)",3,3,"vince",10000,"$35796916.70","$6605492.40",35796916.6960597,6605492.40027474,"+413.77%","+266.42%","1.86","2.91","64.06%","54.29%","1.39",266.421576960304,1.85564092790093,64.0638230858953
"60 Months",1260,"MAX_POS=4, CAP=2 (Vince)",4,2,"vince",10000,"$4173224.38","$1074231.22",4173224.38305288,1074231.22035671,"+234.27%","+154.81%","1.54","2.36","69.38%","52.86%","1.31",154.811810729005,1.53989713351496,69.3803194355574
"60 Months",1260,"MAX_POS=4, CAP=3 (Vince)",4,3,"vince",10000,"$9252379.96","$2144318.52",9252379.95588428,2144318.52359944,"+291.97%","+192.59%","1.69","2.61","73.18%","53.49%","1.34",192.588908931227,1.69358407658149,73.176667094285
"60 Months",1260,"MAX_POS=4, CAP=4 (Vince)",4,4,"vince",10000,"$9184047.17","$2111708.35",9184047.17407478,2111708.34534936,"+291.39%","+191.69%","1.69","2.60","73.06%","53.41%","1.34",191.693523970778,1.68983695553575,73.0603901495124
"60 Months",1260,"MAX_POS=5, CAP=2 (Vince)",5,2,"vince",10000,"$2829524.44","$774960.47",2829524.43832035,774960.465548121,"+209.27%","+138.70%","1.51","2.29","65.88%","53.41%","1.30",138.701918491107,1.50885190515005,65.8810716440789
"60 Months",1260,"MAX_POS=5, CAP=3 (Vince)",5,3,"vince",10000,"$3822657.15","$995233.58",3822657.15431367,995233.576507941,"+228.45%","+150.95%","1.56","2.37","67.58%","53.49%","1.31",150.948731014807,1.56057294774705,67.5759625031468
"60 Months",1260,"MAX_POS=5, CAP=4 (Vince)",5,4,"vince",10000,"$3826923.98","$989481.16",3826923.98136189,989481.164762044,"+228.53%","+150.66%","1.56","2.36","68.47%","53.57%","1.31",150.657963184439,1.55503652601616,68.4688120325638
"60 Months",1260,"MAX_POS=5, CAP=5 (Vince)",5,5,"vince",10000,"$3803955.65","$979778.64",3803955.64576379,979778.64254211,"+228.13%","+150.16%","1.55","2.36","68.41%","53.65%","1.31",150.16445000536,1.55314783495535,68.4111134774329
"60 Months",1260,"MAX_POS=3, CAP=3 (Equal)",3,3,"equal",10000,"$4797664.24","$1183358.00",4797664.23712025,1183357.99986205,"+243.72%","+159.79%","1.51","2.32","72.65%","53.65%","1.32",159.790478727999,1.50942324762768,72.6530862256339
"60 Months",1260,"MAX_POS=4, CAP=4 (Equal)",4,4,"equal",10000,"$1777692.00","$510387.84",1777692.00437865,510387.840466788,"+181.82%","+119.57%","1.38","2.08","74.96%","53.10%","1.28",119.573570401911,1.38321652213022,74.9642052177858
"60 Months",1260,"MAX_POS=5, CAP=5 (Equal)",5,5,"equal",10000,"$850718.40","$276646.96",850718.395458585,276646.96298696,"+143.20%","+94.26%","1.27","1.89","70.23%","54.05%","1.25",94.2608037929151,1.27468497278827,70.2261497651777
"84 Months",1764,"MAX_POS=2, CAP=2 (Vince)",2,2,"vince",10000,"$169950026.51","$21274289.84",169950026.506521,21274289.8434467,"+302.10%","+198.82%","1.59","2.47","68.96%","53.68%","1.33",198.818765619177,1.58568914362538,68.9601988788316
"84 Months",1764,"MAX_POS=3, CAP=2 (Vince)",3,2,"vince",10000,"$213533081.37","$25296138.29",213533081.365978,25296138.2897921,"+315.43%","+206.30%","1.70","2.61","64.17%","54.08%","1.36",206.302543978643,1.70450414572672,64.1670934404695
"84 Months",1764,"MAX_POS=3, CAP=3 (Vince)",3,3,"vince",10000,"$455340791.26","$47497078.53",455340791.262068,47497078.5312403,"+362.89%","+235.15%","1.80","2.77","64.06%","54.31%","1.38",235.149154600542,1.79973856960626,64.0638230858953
"84 Months",1764,"MAX_POS=4, CAP=2 (Vince)",4,2,"vince",10000,"$82289847.57","$11103381.07",82289847.5672053,11103381.0687078,"+262.52%","+172.31%","1.65","2.50","69.38%","53.51%","1.34",172.310905944962,1.6486396048919,69.3803194355574
"84 Months",1764,"MAX_POS=4, CAP=3 (Vince)",4,3,"vince",10000,"$219206005.32","$25648899.82",219206005.324123,25648899.8238417,"+316.99%","+206.91%","1.79","2.72","73.18%","53.63%","1.37",206.909138537934,1.78536444807312,73.176667094285
"84 Months",1764,"MAX_POS=4, CAP=4 (Vince)",4,4,"vince",10000,"$215869663.77","$25079923.66",215869663.770957,25079923.6565461,"+316.07%","+205.93%","1.78","2.72","73.06%","53.57%","1.37",205.927156453929,1.78136783484896,73.0603901495124
"84 Months",1764,"MAX_POS=5, CAP=2 (Vince)",5,2,"vince",10000,"$62722430.50","$8745527.76",62722430.5022135,8745527.76281904,"+248.73%","+163.18%","1.66","2.49","67.63%","54.31%","1.34",163.181371687844,1.66071686180269,67.6344186116848
"84 Months",1764,"MAX_POS=5, CAP=3 (Vince)",5,3,"vince",10000,"$58507083.26","$8072846.61",58507083.2631422,8072846.60727593,"+245.28%","+160.19%","1.63","2.45","67.58%","54.14%","1.33",160.189357475592,1.63353360714508,67.5759625031468
"84 Months",1764,"MAX_POS=5, CAP=4 (Vince)",5,4,"vince",10000,"$67544675.66","$9055304.86",67544675.6558549,9055304.8561887,"+252.44%","+164.49%","1.65","2.48","68.47%","54.02%","1.34",164.493330404896,1.65110459780634,68.4688120325638
"84 Months",1764,"MAX_POS=5, CAP=5 (Vince)",5,5,"vince",10000,"$66419393.36","$8879993.85",66419393.3631807,8879993.84521664,"+251.59%","+163.76%","1.65","2.48","68.41%","54.08%","1.34",163.755672881552,1.64805560219326,68.4111134774329
"84 Months",1764,"MAX_POS=3, CAP=3 (Equal)",3,3,"equal",10000,"$39699419.02","$5852152.36",39699419.0215639,5852152.35859819,"+226.67%","+148.50%","1.50","2.26","72.65%","54.20%","1.32",148.502523610926,1.49816480852297,72.6530862256339
"84 Months",1764,"MAX_POS=4, CAP=4 (Equal)",4,4,"equal",10000,"$21643727.93","$3405408.54",21643727.9259502,3405408.54333781,"+199.55%","+130.01%","1.48","2.20","74.96%","53.74%","1.31",130.005626565574,1.47643827154063,74.9642052177858
"84 Months",1764,"MAX_POS=5, CAP=5 (Equal)",5,5,"equal",10000,"$7608983.30","$1415201.76",7608983.29545353,1415201.75920146,"+158.00%","+102.89%","1.36","2.00","70.23%","54.71%","1.28",102.889590541116,1.36316067493372,70.2261497651777
"120 Months",2520,"MAX_POS=2, CAP=2 (Vince)",2,2,"vince",10000,"$200396167.29","$23659535.55",200396167.292542,23659535.5472154,"+169.27%","+117.47%","1.31","1.99","72.33%","53.49%","1.27",117.470634450565,1.30682241301408,72.325724490653
"120 Months",2520,"MAX_POS=3, CAP=2 (Vince)",3,2,"vince",10000,"$276061442.85","$29920599.51",276061442.853503,29920599.5061463,"+178.04%","+122.64%","1.40","2.11","66.72%","53.89%","1.29",122.636839949711,1.4005583386316,66.7222091951864
"120 Months",2520,"MAX_POS=3, CAP=3 (Vince)",3,3,"vince",10000,"$567687729.73","$54840491.35",567687729.726754,54840491.3538963,"+198.82%","+136.54%","1.47","2.23","65.78%","53.97%","1.31",136.543018081966,1.47208907897612,65.7839959744807
"120 Months",2520,"MAX_POS=4, CAP=2 (Vince)",4,2,"vince",10000,"$128045607.00","$14910490.80",128045607.003367,14910490.7985232,"+157.48%","+107.66%","1.37","2.05","69.38%","53.73%","1.28",107.658251982725,1.37209916156132,69.3803194355574
"120 Months",2520,"MAX_POS=4, CAP=3 (Vince)",4,3,"vince",10000,"$321264068.71","$33084247.17",321264068.707004,33084247.1721404,"+182.28%","+124.89%","1.47","2.21","73.18%","53.89%","1.30",124.885847692188,1.47279049635265,73.176667094285
"120 Months",2520,"MAX_POS=4, CAP=4 (Vince)",4,4,"vince",10000,"$319430088.50","$32574842.45",319430088.495298,32574842.4507061,"+182.12%","+124.54%","1.47","2.21","73.06%","53.89%","1.30",124.53716367472,1.47072761827118,73.0603901495124
"120 Months",2520,"MAX_POS=5, CAP=2 (Vince)",5,2,"vince",10000,"$79135264.18","$10212244.79",79135264.1835638,10212244.7853042,"+145.38%","+99.95%","1.36","2.02","67.63%","53.97%","1.28",99.9457243627326,1.3621118600959,67.6344186116848
"120 Months",2520,"MAX_POS=5, CAP=3 (Vince)",5,3,"vince",10000,"$70022462.78","$9089389.47",70022462.7778839,9089389.47433853,"+142.40%","+97.63%","1.34","1.98","67.58%","53.97%","1.27",97.6302733371057,1.33604698999562,67.5759625031468
"120 Months",2520,"MAX_POS=5, CAP=4 (Vince)",5,4,"vince",10000,"$78559753.00","$9996341.46",78559753.0016283,9996341.46312389,"+145.20%","+99.52%","1.35","2.00","68.47%","53.93%","1.27",99.5189305540659,1.34731941948047,68.4688120325638
"120 Months",2520,"MAX_POS=5, CAP=5 (Vince)",5,5,"vince",10000,"$78728906.82","$9933988.35",78728906.8177352,9933988.35397432,"+145.25%","+99.39%","1.35","2.00","68.41%","53.93%","1.27",99.394128054286,1.34677636732451,68.4111134774329
"120 Months",2520,"MAX_POS=3, CAP=3 (Equal)",3,3,"equal",10000,"$72710962.91","$8809726.54",72710962.9117776,8809726.54401714,"+143.31%","+97.01%","1.28","1.90","72.65%","54.13%","1.27",97.013616296618,1.27792161223721,72.6530862256339
"120 Months",2520,"MAX_POS=4, CAP=4 (Equal)",4,4,"equal",10000,"$48573925.48","$5912145.92",48573925.4827131,5912145.91766608,"+133.69%","+89.31%","1.28","1.89","74.96%","54.37%","1.27",89.3104180083014,1.28279493376146,74.9642052177858
"120 Months",2520,"MAX_POS=5, CAP=5 (Equal)",5,5,"equal",10000,"$13767147.54","$2120304.75",13767147.5389984,2120304.75390043,"+106.01%","+70.86%","1.17","1.70","70.23%","54.25%","1.24",70.8597744449022,1.17426153239757,70.2261497651778
