"Universe","Horizon","Strategy_Mode","Cumulative_Ret","Annualized_Ret","Annualized_Vol","Sharpe_Ratio","Max_Drawdown","Win_Rate","Profit_Factor","SP500_Ret","SP500_Sharpe","Nasdaq_Ret","Alpha_vs_SPY","Alpha_vs_QQQ"
"Focus (symbols.txt)","2 Months","BASELINE"," +3.74%","+24.65%"," 9.80%"," 2.30","- 2.57%"," 54.8%"," 1.52"," +4.96%"," 2.63","+11.30%"," -1.21%"," -7.56%"
"Focus (symbols.txt)","2 Months","ENHANCED","+27.49%","+329.30%","20.55%"," 7.21","- 3.26%"," 64.3%"," 3.21"," +4.96%"," 2.63","+11.30%","+22.53%","+16.18%"
"Focus (symbols.txt)","12 Months","BASELINE","+19.79%","+19.79%","13.95%"," 1.36","- 6.11%"," 57.1%"," 1.26","+16.35%"," 1.23","+24.09%"," +3.44%"," -4.30%"
"Focus (symbols.txt)","12 Months","ENHANCED","+115.79%","+115.79%","27.24%"," 2.96","-12.53%"," 59.5%"," 1.62","+16.35%"," 1.23","+24.09%","+99.44%","+91.70%"
"Focus (symbols.txt)","24 Months","BASELINE","+19.83%"," +9.49%","11.23%"," 0.86","-10.31%"," 54.5%"," 1.17","+34.01%"," 0.97","+51.75%","-14.18%","-31.91%"
"Focus (symbols.txt)","24 Months","ENHANCED","+236.24%","+83.59%","26.02%"," 2.47","-22.56%"," 58.8%"," 1.52","+34.01%"," 0.97","+51.75%","+202.23%","+184.49%"
"Broad (symbols_broad.txt)","2 Months","BASELINE"," +0.42%"," +2.54%"," 3.68%"," 0.70","- 1.56%"," 59.5%"," 1.14"," +4.96%"," 2.63","+11.30%"," -4.54%","-10.88%"
"Broad (symbols_broad.txt)","2 Months","ENHANCED","+16.53%","+150.39%","18.95%"," 4.94","- 3.31%"," 61.9%"," 2.25"," +4.96%"," 2.63","+11.30%","+11.57%"," +5.23%"
"Broad (symbols_broad.txt)","12 Months","BASELINE"," +3.72%"," +3.72%"," 6.44%"," 0.60","- 4.30%"," 56.0%"," 1.11","+16.35%"," 1.23","+24.09%","-12.63%","-20.37%"
"Broad (symbols_broad.txt)","12 Months","ENHANCED","+193.83%","+193.83%","24.68%"," 4.50","- 7.46%"," 59.9%"," 2.14","+16.35%"," 1.23","+24.09%","+177.48%","+169.73%"
"Broad (symbols_broad.txt)","24 Months","BASELINE"," +3.66%"," +1.82%"," 5.49%"," 0.36","- 5.05%"," 54.3%"," 1.06","+34.01%"," 0.97","+51.75%","-30.35%","-48.09%"
"Broad (symbols_broad.txt)","24 Months","ENHANCED","+625.15%","+169.82%","23.90%"," 4.28","-13.61%"," 60.6%"," 2.09","+34.01%"," 0.97","+51.75%","+591.14%","+573.40%"
"Institutional (symbols_300.txt)","2 Months","BASELINE"," -0.30%"," -1.77%"," 2.82%","-0.62","- 1.37%"," 52.4%"," 0.89"," +4.96%"," 2.63","+11.30%"," -5.25%","-11.60%"
"Institutional (symbols_300.txt)","2 Months","ENHANCED"," +6.72%","+47.70%","18.53%"," 2.20","- 4.01%"," 61.9%"," 1.44"," +4.96%"," 2.63","+11.30%"," +1.76%"," -4.59%"
"Institutional (symbols_300.txt)","12 Months","BASELINE"," +2.53%"," +2.53%"," 4.49%"," 0.58","- 3.11%"," 55.2%"," 1.10","+16.35%"," 1.23","+24.09%","-13.81%","-21.56%"
"Institutional (symbols_300.txt)","12 Months","ENHANCED","+221.05%","+221.05%","21.18%"," 5.63","- 6.26%"," 61.9%"," 2.54","+16.35%"," 1.23","+24.09%","+204.71%","+196.96%"
"Institutional (symbols_300.txt)","24 Months","BASELINE"," +3.30%"," +1.64%"," 3.88%"," 0.44","- 3.40%"," 55.7%"," 1.08","+34.01%"," 0.97","+51.75%","-30.71%","-48.45%"
"Institutional (symbols_300.txt)","24 Months","ENHANCED","+637.66%","+172.14%","21.34%"," 4.81","-19.93%"," 62.2%"," 2.20","+34.01%"," 0.97","+51.75%","+603.65%","+585.91%"
